Tag,q20,Species,DBH_cm,Height,CC,Lianas,Illumination,no height,liana cat 1 height,liana cat 2 height
114732,2923,ADE1TR,21.4,9.8,4,1,2,18.13237745,17.07642999,16.24360267
114807,2923,ADE1TR,22.5,11.8,4,1,2,18.7324406,17.64154818,16.78115972
5231,1905,ALCHCO,23.7,17.3,4,0,3,19.36266694,18.235073,17.345738
1086,4312,ALCHCO,43.1,22.1,4,0,3,26.94639982,25.37716366,24.13950478
257818,115,ALCHCO,21.3,16.9,2,1,3,18.07672467,17.02401818,16.19374701
4934,2102,ALCHCO,81.9,31.6,3,1,3,34.65919907,32.64080444,31.04889363
257770,115,ALCHCO,20.9,15.5,2,1,2,17.85222979,16.81259686,15.99263683
257848,115,ALCHCO,29.6,16.7,4,1,3,22.13472772,20.84570153,19.82904467
252898,215,ALCHCO,33.5,17.5,4,2,4,23.71403712,22.33303911,21.24384394
2358,3617,ALCHCO,41.2,20.2,4,2,4,26.36985009,24.83418957,23.62301185
296262,3106,ALCHCO,21.2,15.2,4,2,3,18.02088443,16.97142982,16.14372342
257824,115,ALCHCO,22.4,16,3,2,3,18.67879133,17.5910232,16.73309888
128230,4917,ALCHCO,28.5,16.9,4,2,3,21.65544198,20.39432722,19.39968414
252921,215,ALCHCO,29.8,17.3,1,2,2,22.22018497,20.92618214,19.90560019
165952,1906,ALSEBL,22,19.7,4,0,3,18.46240774,17.38724081,16.53925507
240553,402,ALSEBL,23.9,19.7,4,0,2,19.46532691,18.33175452,17.4377043
25227,4601,ALSEBL,26.2,20.9,4,0,4,20.59981545,19.40017559,18.45401786
165783,1905,ALSEBL,34,22.1,4,0,3,23.90399719,22.51193676,21.41401665
7625,502,ALSEBL,62.7,22.9,4,0,3,31.60221144,29.76184192,28.31033976
5891,1504,ALSEBL,42.1,23.3,4,0,3,26.64642338,25.09465648,23.87077564
122629,2715,ALSEBL,24.7,25.2,3,0,3,19.86940385,18.71229985,17.79969022
1111,4310,ALSEBL,38.2,25.3,4,0,3,25.39992051,23.92074429,22.75411582
3415,3016,ALSEBL,30.4,25.6,4,0,3,22.47352982,21.16477333,20.13255515
2467,3517,ALSEBL,51.8,26.4,4,0,4,29.26922745,27.56472033,26.22037306
1034,4320,ALSEBL,45.7,26.5,4,0,3,27.6921843,26.07951703,24.80760397
2326,3612,ALSEBL,58,27.1,4,0,3,30.66267482,28.87701965,27.46867078
513,4604,ALSEBL,41.4,27.5,4,0,4,26.43186228,24.89259045,23.67856449
1283,4215,ALSEBL,69.6,29.3,4,0,3,32.82952598,30.91768322,29.40981002
6745,1014,ALSEBL,68,30.5,4,0,3,32.55949996,30.66338229,29.16791149
779,4507,ALSEBL,55,30.9,4,0,3,30.01213868,28.26436779,26.88589831
2933,3301,ALSEBL,91.5,32.4,4,0,4,35.8401593,33.75299091,32.10683812
99474,3223,ALSEBL,22.5,13.2,4,1,2,18.7324406,17.64154818,16.78115972
259254,124,ALSEBL,24.3,17.8,4,1,3,19.66866573,18.5232518,17.61986215
4871,2115,ALSEBL,27,20.2,4,1,2,20.9755184,19.7539993,18.79058539
181662,1608,ALSEBL,25,20.9,3,1,2,20.01827965,18.8525058,17.93305824
7717,411,ALSEBL,48.4,21.7,4,1,3,28.41825112,26.76330101,25.45803942
6561,1107,ALSEBL,41.1,23.3,4,1,3,26.33872434,24.80487644,23.59512834
2275,3604,ALSEBL,53.5,23.7,3,1,2,29.6705099,27.94263391,26.57985558
4528,2316,ALSEBL,49.3,29.2,4,1,3,28.65009533,26.98164367,25.66573338
2689,3416,ALSEBL,25.6,16,2,1,3,20.31180259,19.12893529,18.19600611
3492,2923,ALSEBL,30.5,16.4,1,1,4,22.51531824,21.20412818,20.16999065
2681,3414,ALSEBL,49.5,18,4,1,3,28.70095531,27.02954179,25.71129548
2528,3509,ALSEBL,40.1,20.8,3,1,3,26.02300622,24.50754431,23.31229727
4469,2322,ALSEBL,26.5,22.1,4,1,3,20.74180241,19.53389387,18.58121463
7914,308,ALSEBL,42.2,22.3,4,1,4,26.67676377,25.12322999,23.89795561
4538,2314,ALSEBL,46.6,24.8,4,1,3,27.93945867,26.31239126,25.0291208
359,4717,ALSEBL,48,29.5,4,1,4,28.3136196,26.66476276,25.36430693
8076,212,ALSEBL,42.2,20.1,4,2,3,26.67676377,25.12322999,23.89795561
5540,1708,ALSEBL,48.4,22.9,3,2,3,28.41825112,26.76330101,25.45803942
5956,1406,ALSEBL,54,24.1,4,2,5,29.78565118,28.05106989,26.68300307
1082,4314,ALSEBL,45.9,34.1,4,2,4,27.74760161,26.13170709,24.8572487
7227,713,ALSEBL,40.9,17.5,3,2,3,26.27623198,24.74602336,23.53914556
172153,1815,ALSEBL,22.6,17.6,4,2,3,18.78591291,17.69190651,16.82906205
3145,3123,ALSEBL,39.1,17.9,4,2,3,25.69895747,24.20236669,23.02200334
5316,1807,ALSEBL,44.8,20,3,2,3,27.43942874,25.84148081,24.58117691
820,4501,ALSEBL,37.5,20.1,4,2,3,25.16232777,23.69698788,22.54127214
242466,412,ALSEBL,24.5,20.3,2,2,4,19.76935685,18.61807913,17.7100647
7764,419,ALSEBL,54.3,20.9,3,2,3,29.8541241,28.11555526,26.74434345
7799,423,ALSEBL,32.9,21.1,4,2,3,23.48250311,22.11498859,21.03642787
3120,3224,ALSEBL,38.1,21.2,4,2,3,25.36625051,23.88903508,22.72395309
2354,3616,ALSEBL,61,21.9,3,2,4,31.27291512,29.45172232,28.01534487
2470,3516,ALSEBL,37.7,22.2,3,2,3,25.23066683,23.76134718,22.6024926
5257,1902,ALSEBL,42.2,23.1,4,2,3,26.67676377,25.12322999,23.89795561
47,4917,ALSEBL,44.2,23.1,2,2,3,27.26779079,25.67983828,24.42741779
7577,508,ALSEBL,31.7,24.9,4,2,3,23.00732983,21.66748725,20.61075142
4831,2120,ALSEBL,49.5,25.2,4,2,3,28.70095531,27.02954179,25.71129548
5197,1912,ANACEX,184.3,38.6,4,0,4,41.90724058,39.46675288,37.54193663
3721,2811,ANACEX,131.2,40,4,0,4,39.27114736,36.98417377,35.18043433
3870,2714,ANACEX,113,40.4,4,0,4,37.92795225,35.71920026,33.97715431
4306,2402,ANACEX,125.7,40.5,4,0,4,38.89753617,36.63232001,34.84574068
556,4612,ANACEX,86.3,41.7,4,0,4,35.2236974,33.17242895,31.5545905
4955,2100,ANACEX,149,36.2,4,1,5,40.3260137,37.97760948,36.12541961
5678,1613,ANACEX,187.4,37.9,4,1,4,42.02188287,39.57471892,37.6446371
379,4714,ANACEX,226.6,39.7,4,1,5,43.2346314,40.71684247,38.73105863
2425,3523,ANACEX,107.1,34.6,4,1,4,37.41818263,35.23911731,33.52048528
4717,2215,ANACEX,110.4,37.3,4,1,4,37.7084337,35.51246548,33.7805021
1152,4302,ANACEX,120.8,40.3,4,1,4,38.54229616,36.29776757,34.52750455
87,4911,ANACEX,95.6,32.7,4,2,4,36.29153871,34.17808402,32.5111992
17,4921,ANACEX,173.5,37.9,4,2,4,41.48090119,39.06524156,37.16000725
22,4921,ANACEX,179.5,31.3,4,2,4,41.72311599,39.29335087,37.37699153
6259,1300,ANACEX,143.8,36.1,4,2,4,40.03975432,37.70802055,35.86897869
1164,4301,ANACEX,145.2,37.1,3,2,3,40.11846435,37.78214687,35.93948982
8162,222,ANDIIN,44.1,28.2,4,0,4,27.23893593,25.65266379,24.40156862
156272,2107,APEIME,49.2,23.8,4,0,3,28.62457605,26.95761051,25.64287233
1119,4309,APEIME,52.5,30.1,3,0,3,29.43632663,27.72208842,26.37006621
1031,4320,APEIME,59.2,30.3,4,0,4,30.91139558,29.11125604,27.69148333
4465,2323,APEIME,73.4,31.4,4,0,4,33.43901022,31.49167386,29.9558068
8074,212,APEIME,89.6,32.5,4,0,4,35.62088823,33.54648919,31.9104076
7082,815,APEIME,88.1,32.7,4,0,4,35.44299021,33.37895114,31.75104048
7343,605,APEIME,49.7,24.3,4,1,3,28.75157852,27.07721693,25.75664548
5232,1905,APEIME,69.2,30.1,3,1,4,32.76279352,30.85483696,29.3500288
1438,4114,APEIME,73.3,30.2,4,1,3,33.42351737,31.47708325,29.94192778
269,4817,APEIME,100.6,30.9,4,1,4,36.80495597,34.66160219,32.9711359
3206,3113,APEIME,93.2,33.8,4,1,4,36.03082894,33.93255681,32.27764649
4743,2218,APEIME,49.4,24.6,4,1,4,28.67555502,27.0056207,25.68854104
1135,4306,APEIME,72,29.5,4,1,4,33.219483,31.28493092,29.75914683
2888,3308,APEIME,85.7,32.7,4,1,4,35.14914491,33.10221806,31.48780384
7576,508,APEIME,36.2,17.4,4,2,3,24.70900505,23.27006462,22.13517017
180862,1604,APEIME,27.8,18.1,2,2,3,21.34202963,20.09916658,19.11891866
7365,609,APEIME,85.1,26.5,3,2,3,35.07384698,33.03130514,31.42034938
8048,209,APEIME,56.6,29.3,4,2,4,30.36434125,28.59605967,27.20141338
3475,3024,APEIME,84.5,32.2,4,2,4,34.99779248,32.95967971,31.35221716
3889,2711,APEIME,114.7,32.4,3,2,4,38.06733763,35.85046846,34.10202048
5362,1816,APEIME,36,16.1,4,2,3,24.63782815,23.20303273,22.07140747
82615,3516,APEIME,23.9,16.4,3,2,3,19.46532691,18.33175452,17.4377043
2846,3314,APEIME,44.6,23,4,2,4,27.3824984,25.78786584,24.53017678
8213,120,APEIME,37.7,23.1,4,2,3,25.23066683,23.76134718,22.6024926
4586,2306,APEIME,43.5,23.8,4,2,3,27.06429175,25.4881901,24.2451164
3141,3123,APEIME,78.4,24.1,2,2,4,34.17889055,32.18846692,30.61861686
2133,3717,APEIME,47.8,24.5,4,2,4,28.26093056,26.61514209,25.31710629
1581,4003,APEIME,82.8,27.1,2,2,4,34.778096,32.75277735,31.15540555
2309,3609,ASPICR,99,32.9,4,0,5,36.64484525,34.51081559,32.82770325
1045,4318,ASPICR,61.7,37.1,4,0,4,31.40989964,29.58072949,28.13806028
5869,1508,ASPICR,78.5,37.7,4,0,4,34.19302437,32.20177765,30.63127842
2178,3710,ASPICR,101.1,38.5,3,0,4,36.85421566,34.70799323,33.01526442
918,4412,ASPICR,69.3,40.7,4,0,4,32.77952442,30.87059352,29.36501691
4787,2222,ASPICR,108,41.8,4,0,5,37.49867735,35.31492439,33.5925952
1493,4108,ASPICR,93.8,42.8,4,0,5,36.09691963,33.99479868,32.33685278
103259,3116,ASPICR,24.7,24.1,4,1,3,19.86940385,18.71229985,17.79969022
8205,121,ASPICR,62.4,31.8,4,1,4,31.54492959,29.70789591,28.25902473
2560,3503,ASPICR,112.2,43.8,4,1,5,37.86123863,35.65637174,33.91738997
1796,3918,ASPICR,91,35.7,4,1,4,35.78309873,33.69925329,32.05572131
428,4707,ASPICR,85.3,30.7,4,2,4,35.0990298,33.05502143,31.44290901
4825,2121,ASPICR,77,38.9,4,2,3,33.97837058,31.99962432,30.43898422
7663,403,AST2GR,42.5,35.7,4,0,4,26.76732455,25.20851692,23.97908304
7391,612,AST2GR,60,36.3,4,0,4,31.07374846,29.26415423,27.83692458
4901,2108,AST2GR,49.7,37.4,4,0,4,28.75157852,27.07721693,25.75664548
5221,1907,AST2GR,84.1,39.9,4,1,5,34.94666357,32.91152832,31.30641414
7234,712,AST2GR,47,31.1,2,2,4,28.04764466,26.41427699,25.1260375
1328,4220,BEILPE,22.5,20.5,4,0,2,18.7324406,17.64154818,16.78115972
1392,4120,BEILPE,28.7,25.1,4,0,2,21.7437707,20.47751207,19.47881202
28496,4617,BEILPE,35.9,25.2,4,0,4,24.60209311,23.16937875,22.03939481
1388,4121,BEILPE,43.6,27.1,4,0,3,27.0935808,25.51577349,24.27135453
2496,3513,BEILPE,48.9,28.6,4,0,4,28.5476585,26.88517229,25.57396697
1345,4221,BEILPE,40.6,28.7,4,0,3,26.18188677,24.65717238,23.45462789
20,4921,BEILPE,59.9,29,2,0,3,31.0536028,29.24518176,27.81887741
1347,4221,BEILPE,34.7,29.3,4,0,3,24.16549425,22.75820542,21.64827465
13135,523,BEILPE,42.2,29.3,4,0,3,26.67676377,25.12322999,23.89795561
7826,322,BEILPE,71.2,29.7,4,0,4,33.09144859,31.16435265,29.64444923
43196,4320,BEILPE,35.6,29.9,4,0,4,24.49429693,23.06786012,21.94282731
7222,713,BEILPE,53.1,30.7,4,0,3,29.57746691,27.85500933,26.49650449
7330,503,BEILPE,58.7,30.7,4,0,4,30.80852929,29.01438021,27.59933219
1016,4322,BEILPE,41.2,32.7,4,0,4,26.36985009,24.83418957,23.62301185
4085,2620,BEILPE,56.2,33.2,4,0,4,30.27743728,28.5142166,27.12356184
1265,4212,BEILPE,53.4,34,4,0,4,29.64732716,27.92080123,26.55908769
620,4621,BEILPE,65.9,34.3,4,0,4,32.19215797,30.31743263,28.83883399
7153,724,BEILPE,84.3,36.3,4,0,4,34.9722709,32.93564439,31.32935406
1745,4023,BEILPE,48,36.7,4,0,4,28.3136196,26.66476276,25.36430693
1747,4024,BEILPE,67.1,37.9,4,0,4,32.40390857,30.51685184,29.02852742
25,4921,BEILPE,34,30.5,4,1,3,23.90399719,22.51193676,21.41401665
1739,4023,BEILPE,73.5,38.5,4,1,4,33.45447458,31.50623765,29.96966031
58825,4023,BEILPE,29.7,27.9,4,1,3,22.17752005,20.88600182,19.8673795
16865,4210,BEILPE,25.7,26.3,4,2,3,20.36018328,19.17449851,18.23934718
7067,812,BEILPE,53.2,27.5,3,2,4,29.60080584,27.8769891,26.5174123
3644,2800,BEILPE,85,34.2,3,2,4,35.06122407,33.01941733,31.40904135
56972,4020,BEILPE,28.5,23.4,4,2,3,21.65544198,20.39432722,19.39968414
4744,2218,BEILPE,45.5,28.8,4,2,3,27.63649633,26.02707208,24.7577168
868,4405,BEILPE,34,29.7,4,2,3,23.90399719,22.51193676,21.41401665
1776,3921,BEILPE,47,31.7,3,2,4,28.04764466,26.41427699,25.1260375
2173,3711,BROSAL,62.5,31.1,4,0,4,31.56406244,29.72591454,28.27616458
4609,2302,BROSAL,43.3,33.6,2,0,3,27.00549347,25.43281597,24.19244289
13136,523,BROSAL,78.3,33.7,4,0,4,34.16473181,32.17513272,30.60593298
4903,2108,BROSAL,75.3,34.8,4,0,4,33.72805038,31.76388163,30.21473885
6193,1310,BROSAL,66.5,34.9,4,0,5,32.29865581,30.41772853,28.9342384
6704,1006,BROSAL,114.2,37.5,4,0,5,38.02667359,35.81217251,34.06559225
2278,3604,BROSAL,67.1,37.7,4,0,4,32.40390857,30.51685184,29.02852742
4156,2518,BROSAL,104.8,38.3,4,0,4,37.2077423,35.04093207,33.33196565
7086,816,BROSAL,111,38.9,4,0,4,37.75978962,35.56083066,33.82650849
4524,2316,BROSAL,98.7,39.4,4,0,5,36.61439632,34.48213987,32.80042606
7621,502,BROSAL,77.8,39.7,4,0,4,34.09356203,32.10810755,30.54217666
3681,2805,BROSAL,89.5,40.4,4,0,4,35.60916192,33.53544577,31.89990278
2347,3614,BROSAL,83.5,42.3,4,0,5,34.86932281,32.83869153,31.23712964
1730,4022,BROSAL,110.5,43.3,4,0,5,37.7170226,35.52055419,33.78819632
8,4923,BROSAL,118.6,43.5,4,0,5,38.37537668,36.14056872,34.37797239
800,4505,BROSAL,47.3,22.1,2,1,4,28.1281051,26.49005178,25.19811671
226,4810,BROSAL,91.9,40.4,4,1,5,35.88548335,33.79567549,32.14744095
4471,2322,BROSAL,72.7,35.7,3,2,4,33.32995787,31.38897223,29.85811399
4673,2206,BROSAL,76.6,40.3,4,2,4,33.92015653,31.9448004,30.3868341
4274,2501,BROSAL,107.8,40.6,4,2,4,37.48087775,35.29816136,33.57664971
6171,1313,BROSAL,61.3,33.3,4,2,4,31.33186479,29.50723903,28.068154
50,4916,BROSAL,77.1,34.7,4,2,4,33.99285928,32.01326927,30.4519637
191,4803,CALOLO,78.7,32.1,4,0,4,34.22121752,32.22832895,30.6565348
949,4417,CALOLO,68.5,40.9,4,0,4,32.64477592,30.74369217,29.24430461
3994,2605,CALOLO,88.3,36.4,4,1,5,35.46696039,33.40152541,31.77251379
25032,4600,CALOLO,30.5,17.4,4,1,2,22.51531824,21.20412818,20.16999065
7369,609,CALOLO,54.8,29.9,4,1,4,29.96724028,28.22208406,26.84567678
6163,1315,CALOLO,75.6,34.5,4,1,4,33.7727826,31.80600885,30.2548115
7246,710,CALOLO,94.5,36.7,4,1,4,36.17324945,34.06668339,32.40523164
7341,605,CALOLO,57.7,24.9,1,2,4,30.59949762,28.8175216,27.41207449
7797,423,CASEAR,50.2,28.5,4,0,4,28.87711131,27.19543926,25.86910204
147565,2316,CASESY,21.2,13.4,4,2,2,18.02088443,16.97142982,16.14372342
61292,3907,CASSEL,27.5,20.1,4,0,3,21.20564418,19.9707236,18.99673992
198772,1313,CASSEL,21.8,18.1,4,1,2,18.35313197,17.28432877,16.44136211
1980,3810,CASSEL,32.9,23.1,4,2,3,23.48250311,22.11498859,21.03642787
2741,3422,CAVAPL,138.7,31.8,4,0,5,39.74219768,37.42779226,35.6024173
2016,3816,CAVAPL,124.4,36.3,4,0,5,38.80543234,36.54557989,34.76323092
427,4707,CAVAPL,139.9,36.3,4,0,5,39.81378593,37.49521154,35.66654849
3603,2906,CAVAPL,136.8,39.8,4,0,4,39.62678669,37.31910229,35.49902819
3008,3208,CAVAPL,162.7,39.8,4,0,4,41.00744534,38.61935763,36.73586933
3661,2803,CAVAPL,133,40,4,0,5,39.38806669,37.09428425,35.28517466
1091,4312,CAVAPL,190,41.5,4,0,5,42.11557073,39.66295083,37.72856589
3628,2903,CAVAPL,216.2,43,4,0,5,42.95021595,40.44899009,38.47626957
2948,3201,CAVAPL,231.3,44,4,0,5,43.35578538,40.830941,38.83959251
3654,2801,CAVAPL,210,45.8,4,0,4,42.76902195,40.27834801,38.3139498
120,4906,CAVAPL,160.1,34.7,3,1,5,40.88555247,38.50456326,36.62667355
719030,1901,CECRIN,20,19.5,4,0,3,17.33584225,16.32628139,15.53003925
633185,3315,CECRIN,25.7,21.4,4,0,4,20.36018328,19.17449851,18.23934718
259246,124,CECRIN,22.2,21.6,4,0,3,18.57095855,17.48947012,16.6364986
719121,1902,CECRIN,26.5,21.7,4,0,4,20.74180241,19.53389387,18.58121463
721404,2117,CECRIN,28.7,21.7,4,0,4,21.7437707,20.47751207,19.47881202
725369,2516,CECRIN,22.2,22,4,0,3,18.57095855,17.48947012,16.6364986
440922,4020,CECRIN,29,22.3,4,0,3,21.87526688,20.60135051,19.59661079
734126,3404,CECRIN,27.4,22.5,4,0,4,21.15990238,19.92764559,18.95576285
133250,2620,CECRIN,28.4,22.9,4,0,3,21.61107648,20.35254536,19.35994001
257704,115,CECRIN,24.9,23.1,4,0,3,19.9688127,18.80591958,17.88874406
138650,2521,CECRIN,20.2,23.2,4,0,3,17.45196839,16.43564487,15.63406901
259248,124,CECRIN,27.1,23.5,4,0,3,21.02182819,19.79761222,18.83207128
259310,124,CECRIN,29.3,23.5,4,0,3,22.00558073,20.72407547,19.71335039
272347,713,CECRIN,28.1,24.1,3,0,2,21.47716821,20.2264353,19.23998041
405283,512,CECRIN,39.4,24.3,4,0,4,25.79706598,24.29476181,23.10989229
613049,1305,CECRIN,29.3,24.5,4,0,3,22.00558073,20.72407547,19.71335039
275527,1019,CECRIN,29.4,24.7,4,0,4,22.04875862,20.76473888,19.75203061
633195,3315,CECRIN,33.6,24.8,4,0,4,23.75224412,22.36902111,21.27807107
239708,424,CECRIN,35,25.5,2,0,3,24.27600854,22.86228386,21.74727712
77665,3616,CECRIN,21.3,26.3,4,0,4,18.07672467,17.02401818,16.19374701
719031,1901,CECRIN,26.1,27,4,0,4,20.55218956,19.35532321,18.41135296
8187,124,CECRIN,45.2,27.3,4,0,4,27.55245265,25.94792272,24.68242759
4846,2119,CECRIN,44.4,28,4,0,4,27.32528644,25.73398564,24.47892435
4839,2120,CECRIN,44.7,28.4,4,0,4,27.41099865,25.81470636,24.55570827
4088,2621,CECRIN,40.7,30.2,4,0,4,26.21341648,24.68686594,23.48287328
4137,2521,CECRIN,31.9,30.4,4,0,4,23.08767159,21.74315026,20.68272431
39052,4423,CECRIN,27.9,30.5,4,0,4,21.38721354,20.14171918,19.15939595
7317,601,CECRIN,41.2,30.5,3,0,4,26.36985009,24.83418957,23.62301185
54145,4124,CECRIN,37.2,30.7,4,0,4,25.05912701,23.59979706,22.44882138
6089,1424,CECRIN,39.6,30.9,3,0,3,25.86204326,24.35595511,23.16810116
80756,3504,CECRIN,45.8,31.4,4,0,4,27.71992666,26.10564381,24.83245653
725352,2516,CECROB,20,22.2,4,0,3,17.33584225,16.32628139,15.53003925
719036,1901,CECROB,21.3,22.2,4,0,3,18.07672467,17.02401818,16.19374701
713072,1305,CECROB,21.8,23.7,4,2,4,18.35313197,17.28432877,16.44136211
25041,4600,CEIBPE,23.5,19.7,2,0,3,19.25933829,18.13776174,17.25317266
2307,3609,CEIBPE,46.1,22.8,4,0,4,27.80275022,26.18364409,24.9066527
5444,1723,CEIBPE,93,32.7,4,0,5,36.00866068,33.91167953,32.25778741
5027,2012,CEIBPE,128.9,36,4,0,5,39.1179835,36.83992948,35.04322492
4722,2215,CEIBPE,97,36.9,4,0,5,36.43922915,34.31717364,32.64350533
4694,2210,CEIBPE,169.4,39.1,4,0,5,41.30711746,38.90157821,37.00432585
7772,420,CEIBPE,148.2,39.9,4,0,5,40.28304124,37.93713954,36.08692342
4146,2519,CEIBPE,153.2,41.1,4,0,5,40.54556942,38.18437927,36.32210512
1993,3812,CEIBPE,216.1,41.1,4,0,5,42.94736535,40.4463055,38.4737159
3853,2717,CEIBPE,127.9,37.4,4,1,5,39.05003103,36.77593426,34.98235078
6647,1003,CEIBPE,176.2,42.7,4,1,4,41.59161982,39.16951244,37.25919278
4446,2424,CEIBPE,46.1,26,3,2,4,27.80275022,26.18364409,24.9066527
28183,4616,CHIMPA,20.6,22.3,4,0,3,17.68185486,16.65214379,15.84000916
6847,920,CHR2AR,32.3,21.9,2,2,4,23.24696805,21.89317002,20.82542752
176143,1707,CHR2AR,28.8,20.1,4,2,3,21.78773509,20.51891618,19.51819683
2673,3413,CHR2CA,100.5,34.4,4,0,4,36.79506023,34.65228274,32.96227097
673,4521,CHR2CA,83.9,34.6,4,0,4,34.92097007,32.88733109,31.28339702
4898,2109,CHR2CA,75.2,31.9,4,1,3,33.71308563,31.74978837,30.20133292
4735,2217,CHR2CA,50.7,23.6,3,2,4,29.00119939,27.31230102,25.98026438
4585,2306,COLUGL,45.6,35,1,2,0,27.66437427,26.05332653,24.7826908
257823,115,CORDAL,27.3,26.9,4,0,4,21.11401953,19.88443476,18.91465943
258071,116,CORDAL,37.8,28.3,4,0,4,25.26469901,23.79339748,22.63297979
173632,1823,CORDBI,23.7,16.4,4,0,3,19.36266694,18.235073,17.345738
217175,912,CORDBI,21.9,20.3,4,0,3,18.40786091,17.33587055,16.49039016
236664,509,CORDBI,27.2,23.3,4,0,2,21.06799502,19.8410905,18.8734291
4385,2414,CORDBI,30.6,26.7,4,0,3,22.55698361,21.24336715,20.2073159
4836,2120,CORDBI,35.2,27.5,4,0,4,24.34917454,22.931189,21.81282172
7302,701,CORDBI,37.8,27.5,4,1,5,25.26469901,23.79339748,22.63297979
258076,116,CORDBI,26.5,16.5,4,2,2,20.74180241,19.53389387,18.58121463
409336,912,CORDBI,24.8,15.3,2,2,4,19.91918767,18.75918449,17.84428827
7347,606,CORDBI,35.3,18.1,4,2,3,24.38560572,22.9654986,21.84545802
6781,1019,CORDBI,30.1,19.5,3,2,3,22.34742084,21.04600837,20.01958243
252149,211,CORDBI,26.8,20.9,4,2,3,20.88246738,19.66636715,18.70722711
525,4606,CORDBI,44,26.9,3,2,2,27.21000937,25.62542178,24.37565522
805,4504,CUPALA,50,26.1,4,0,3,28.82707294,27.1483149,25.82427596
180376,1601,CUPALA,27.1,15.5,4,2,3,21.02182819,19.79761222,18.83207128
4443,2423,DENDAR,28.7,17.9,4,0,2,21.7437707,20.47751207,19.47881202
1390,4121,DENDAR,44.3,21.5,4,0,2,27.29657421,25.70694548,24.45320295
1089,4313,DENDAR,78.4,30.7,4,0,4,34.17889055,32.18846692,30.61861686
6749,1014,DENDAR,23.3,14.1,4,1,2,19.15533462,18.03981477,17.16000262
172148,1815,DENDAR,20.7,13.3,2,1,2,17.7388392,16.70580963,15.89105768
5946,1404,DENDAR,26.6,15.1,4,2,1,20.78883674,19.57818913,18.62334958
4447,2424,DENDAR,31.4,16,3,2,2,22.88593919,21.55316585,20.50200555
244157,420,DENDAR,27.7,14.7,3,2,1,21.29670718,20.0564835,19.07831726
240714,403,DIPTPA,43.8,33.5,4,0,4,27.15194008,25.57073419,24.32363477
138502,2521,DIPTPA,49.8,35.1,4,0,4,28.77680184,27.10097137,25.7792414
7221,713,DIPTPA,74.8,39.9,4,0,4,33.65295468,31.69315916,30.14746555
7715,411,DIPTPA,121.2,40.5,4,0,5,38.57213664,36.32587027,34.55423667
7173,720,DIPTPA,109,41.4,4,0,4,37.58692995,35.39803756,33.67165489
3711,2810,DIPTPA,101.5,41.6,4,0,5,36.89336258,34.74486041,33.05033357
5440,1723,DIPTPA,93.8,41.7,3,0,5,36.09691963,33.99479868,32.33685278
684,4520,DIPTPA,83.2,41.9,4,0,5,34.83035792,32.80199578,31.20222357
1907,3901,DIPTPA,84.5,42.1,4,0,4,34.99779248,32.95967971,31.35221716
3875,2714,DIPTPA,78.9,42.4,4,0,4,34.24931176,32.25478712,30.68170259
1441,4114,DIPTPA,89.3,42.8,4,0,5,35.58565262,33.51330555,31.87884235
7114,819,DIPTPA,100.7,43.3,4,0,5,36.81483706,34.67090785,32.97998772
7927,307,DIPTPA,96.8,43.9,4,0,5,36.41832319,34.29748516,32.62477707
7168,721,DIPTPA,93.5,44.4,4,0,4,36.06395162,33.96375058,32.30731892
465,4702,DIPTPA,102.3,47.3,4,0,5,36.97096942,34.81794777,33.11985642
4186,2513,DIPTPA,138.3,48.4,4,0,5,39.71811272,37.4051099,35.58084116
1342,4221,DIPTPA,174.6,54.9,4,0,5,41.5263569,39.10805014,37.20072803
2854,3312,DIPTPA,60.5,36.2,4,1,4,31.17384903,29.35842539,27.92659809
6058,1420,DIPTPA,85.5,34.3,4,1,5,35.12412897,33.07865894,31.46539371
6133,1318,DIPTPA,93.1,35.9,4,1,4,36.01975349,33.92212634,32.26772472
129082,4923,DRYPST,26.8,18.5,4,0,3,20.88246738,19.66636715,18.70722711
75514,3603,DRYPST,23.2,21.3,4,0,3,19.10307765,17.99060102,17.11318905
1262,4212,DRYPST,41.1,24.2,4,0,4,26.33872434,24.80487644,23.59512834
45308,4801,DRYPST,22.4,16.9,4,1,3,18.67879133,17.5910232,16.73309888
26867,4610,DRYPST,39.5,19.9,4,1,3,25.82959724,24.3253986,23.13903491
80861,3504,DRYPST,28.2,27.2,4,1,3,21.52194019,20.26859997,19.28008868
521,4605,DRYPST,23.7,16.7,4,1,2,19.36266694,18.235073,17.345738
858,4404,DRYPST,41.6,21.3,4,1,4,26.49355737,24.9506927,23.73383306
96221,3206,DRYPST,23.2,16.4,4,2,3,19.10307765,17.99060102,17.11318905
125511,4903,DRYPST,22,18.7,4,2,3,18.46240774,17.38724081,16.53925507
17573,4212,DRYPST,22.1,20.6,4,2,3,18.51677333,17.4384404,16.58795763
407,4709,DRYPST,22,21.3,4,2,3,18.46240774,17.38724081,16.53925507
157093,2114,EUGECO,25,22.4,4,2,3,20.01827965,18.8525058,17.93305824
52503,4112,EUGENE,24.7,18.8,4,0,2,19.86940385,18.71229985,17.79969022
1251,4210,EUGENE,35.7,19.1,1,0,3,24.5303279,23.10179282,21.97510509
12488,4821,EUGENE,26.5,19.5,4,0,3,20.74180241,19.53389387,18.58121463
7361,608,EUGENE,33.5,24.5,4,0,2,23.71403712,22.33303911,21.24384394
5541,1708,EUGENE,31.5,15.1,2,1,3,22.92652047,21.59138386,20.53835964
141770,2409,EUGEOE,22.1,17.7,4,0,3,18.51677333,17.4384404,16.58795763
108402,3016,EUGEOE,30,24.8,4,0,3,22.30513482,21.00618489,19.98170117
176354,1708,EUGEOE,23.8,16.1,3,1,3,19.41408012,18.28349211,17.39179568
197229,1304,EUGEOE,29.8,19.1,4,1,3,22.22018497,20.92618214,19.90560019
251666,208,EUGEOE,27.6,18.9,4,2,2,21.25124557,20.01366937,19.0375912
146461,2308,EUGEOE,29.8,17.8,4,2,3,22.22018497,20.92618214,19.90560019
2371,3618,FICUC2,99.1,28.5,2,2,4,36.65496451,34.52034555,32.83676843
285887,2019,FICUOB,93,32.6,4,0,4,36.00866068,33.91167953,32.25778741
6022,1415,FICUOB,87.9,35.5,3,2,4,35.41894191,33.35630331,31.7294972
6716,1009,FICUPO,177,34.3,4,2,4,41.6238778,39.19989186,37.28809057
108,4908,FICUYO,92.4,38.5,4,0,4,35.94173733,33.84865349,32.19783518
4462,2323,FICUYO,71.2,32,4,1,3,33.09144859,31.16435265,29.64444923
4767,2221,GAR2MA,22.3,17.5,4,2,3,18.62496427,17.54033079,16.68487876
198936,1315,GENIAM,29.8,17.9,4,2,3,22.22018497,20.92618214,19.90560019
7626,502,GUAPST,72.2,27.7,3,0,4,33.25119401,31.31479522,29.78755463
4851,2118,GUAPST,48.5,28.2,3,0,3,28.44425473,26.78779029,25.48133434
5048,2015,GUAPST,51.8,29.4,4,0,3,29.26922745,27.56472033,26.22037306
230141,600,GUAPST,48.5,30.3,4,0,3,28.44425473,26.78779029,25.48133434
10799,4812,GUAPST,49.3,30.9,4,0,4,28.65009533,26.98164367,25.66573338
7496,520,GUAPST,90.1,35.5,4,0,4,35.67923807,33.601441,31.96267938
92240,3311,GUAPST,23.8,19.4,4,1,2,19.41408012,18.28349211,17.39179568
4861,2117,GUAPST,60.7,32.5,4,1,4,31.21359872,29.39586024,27.96220722
1878,3906,GUAPST,61.5,30.3,4,1,4,31.37096248,29.54405984,28.10317904
7310,700,GUAPST,52.9,32.3,4,1,4,29.53063165,27.81090155,26.45454787
2500,3513,GUAPST,77.7,35.4,4,1,4,34.0792524,32.09463124,30.52935761
5001,2007,GUAPST,42,27.4,2,2,3,26.61600577,25.06601026,23.84352651
7231,712,GUAPST,47.5,24.1,4,2,4,28.18142545,26.540267,25.2458829
4090,2621,GUAPST,46.7,24.9,4,2,3,27.96660286,26.3379547,25.05343749
1816,3915,GUAPST,51.5,26.1,3,2,3,29.19679614,27.4965071,26.15548662
30247,4501,GUAPST,48.3,30.7,4,2,5,28.39218602,26.73875382,25.43468941
3761,2816,GUARGR,109.5,34.4,4,0,4,37.63059585,35.43916055,33.71077229
4590,2306,GUARGR,45,24.4,3,1,3,27.49607948,25.89483246,24.63192658
2660,3410,GUARGR,86.9,30.8,4,1,4,35.29751535,33.24194808,31.62071914
156491,2109,GUARGU,21.4,16.5,4,0,1,18.13237745,17.07642999,16.24360267
6750,1014,GUARGU,38,16.7,4,0,2,25.3324905,23.8572411,22.69370972
133,4904,GUARGU,32.5,16.9,4,0,3,23.32593053,21.96753409,20.89616481
1377,4123,GUARGU,30.6,17.5,3,0,1,22.55698361,21.24336715,20.2073159
8043,208,GUARGU,29.7,18.3,4,1,3,22.17752005,20.88600182,19.8673795
5042,2015,GUARGU,24.2,19,4,1,2,19.61807674,18.47560889,17.57454281
1962,3806,GUARGU,26,17.7,4,1,2,20.50441408,19.31032996,18.36855406
5002,2007,GUARGU,25,12.4,3,2,2,20.01827965,18.8525058,17.93305824
2690,3416,GUARGU,28.4,14.8,2,2,3,21.61107648,20.35254536,19.35994001
5608,1600,GUARGU,41.2,15.9,4,2,3,26.36985009,24.83418957,23.62301185
67223,3811,GUARGU,21.1,16.9,4,2,2,17.96485581,16.91866405,16.09353107
4389,2414,GUATDU,27.4,20,4,0,2,21.15990238,19.92764559,18.95576285
228661,720,GUATDU,23,20.4,4,0,4,18.99804944,17.89168917,17.01910119
235969,505,GUATDU,41.2,29.1,4,0,3,26.36985009,24.83418957,23.62301185
5631,1604,GUATDU,56,30.7,4,1,4,30.2337017,28.47302798,27.08438202
1376,4123,GUATDU,80.3,37.9,4,1,4,34.4432451,32.43742666,30.85543469
230878,605,GUATDU,35,20.7,4,1,3,24.27600854,22.86228386,21.74727712
3601,2906,GUATDU,85.5,40.4,4,1,4,35.12412897,33.07865894,31.46539371
263687,21,GUATDU,22.5,20,3,2,2,18.7324406,17.64154818,16.78115972
633214,3315,GUAZUL,20.1,18.4,4,0,2,17.3940047,16.38105673,15.58214316
103333,3116,GUAZUL,37.5,19.3,4,0,3,25.16232777,23.69698788,22.54127214
446320,4609,GUAZUL,20.5,19.7,4,0,2,17.62467656,16.5982953,15.78878689
131222,2607,GUAZUL,28.7,23.6,4,0,4,21.7437707,20.47751207,19.47881202
633191,3315,GUAZUL,35.3,24,3,0,3,24.38560572,22.9654986,21.84545802
156635,2110,GUAZUL,26.9,24.5,2,0,3,20.92906501,19.71025115,18.74897086
131146,2607,GUAZUL,48.9,22.8,4,1,3,28.5476585,26.88517229,25.57396697
158448,2120,GUAZUL,34.8,25.2,4,1,3,24.20243494,22.79299485,21.68136738
5046,2015,GUAZUL,81,26.9,3,1,3,34.53845765,32.52709446,30.94072934
3457,3022,GUAZUL,46.7,18.2,4,1,3,27.96660286,26.3379547,25.05343749
7766,419,GUAZUL,48.6,22.9,1,2,3,28.47019706,26.81222186,25.50457437
3164,3120,GUAZUL,36,17.3,2,2,3,24.63782815,23.20303273,22.07140747
5607,1600,GUSTSU,29.3,13.1,3,0,2,22.00558073,20.72407547,19.71335039
67800,3814,GUSTSU,22.5,13.7,4,0,3,18.7324406,17.64154818,16.78115972
3685,2805,GUSTSU,24.2,14.2,4,0,2,19.61807674,18.47560889,17.57454281
309,4824,GUSTSU,25.7,13.5,4,1,3,20.36018328,19.17449851,18.23934718
67808,3814,GUSTSU,23,11.7,3,1,3,18.99804944,17.89168917,17.01910119
13148,3021,GUSTSU,25.6,14,4,1,3,20.31180259,19.12893529,18.19600611
2860,3311,GUSTSU,24.3,14.5,4,1,2,19.66866573,18.5232518,17.61986215
803,4505,GUSTSU,23.5,15.1,4,1,2,19.25933829,18.13776174,17.25317266
5258,1902,GUSTSU,20.9,13.3,4,2,2,17.85222979,16.81259686,15.99263683
99140,3221,GUSTSU,22.5,14.9,4,2,2,18.7324406,17.64154818,16.78115972
3455,3022,GUSTSU,33.5,16.4,4,2,3,23.71403712,22.33303911,21.24384394
128098,4917,GUSTSU,21.3,16.9,4,2,2,18.07672467,17.02401818,16.19374701
2698,3417,GUSTSU,27.8,17.8,4,2,5,21.34202963,20.09916658,19.11891866
5596,1700,GUSTSU,31.2,18.2,4,2,3,22.80442092,21.47639484,20.4289787
2685,3415,GUSTSU,39.5,23.2,4,2,4,25.82959724,24.3253986,23.13903491
2697,3417,GUSTSU,25.2,13.6,4,2,2,20.11674228,18.94523441,18.02126443
3106,3221,GUSTSU,29,14.9,4,2,4,21.87526688,20.60135051,19.59661079
3104,3221,GUSTSU,25.8,15.5,4,2,4,20.40841163,19.21991826,18.28255179
94029,3320,GUSTSU,23.1,17.4,4,2,3,19.05064953,17.94122607,17.06622215
3093,3220,GUSTSU,35.7,17.4,4,2,4,24.5303279,23.10179282,21.97510509
46,4917,GUSTSU,32.5,17.5,3,2,2,23.32593053,21.96753409,20.89616481
104694,3123,GUSTSU,21.7,17.6,4,2,3,18.29822004,17.23261466,16.39217013
3105,3221,GUSTSU,28,18.4,4,2,4,21.43225953,20.1841419,19.19974968
704452,424,HAMPAP,26.9,20.1,4,1,3,20.92906501,19.71025115,18.74897086
194279,1424,HASSFL,21.9,13.5,4,2,2,18.40786091,17.33587055,16.49039016
101589,3107,HASSFL,24,14.6,4,2,3,19.5164081,18.37986097,17.48346457
443,4704,HEISCO,29.4,18.9,4,0,2,22.04875862,20.76473888,19.75203061
5318,1808,HEISCO,36.5,20.9,4,0,3,24.81504336,23.36992774,22.23016291
5651,1607,HEISCO,26,14.9,4,1,3,20.50441408,19.31032996,18.36855406
8212,120,HEISCO,38.9,19,4,1,3,25.63311951,24.14036284,22.96302345
141568,2408,HEISCO,25.4,13.5,4,2,3,20.21458135,19.03737578,18.10891201
792,4506,HEISCO,23.7,14.9,4,2,3,19.36266694,18.235073,17.345738
36918,4412,HIRTTR,23.4,14.5,4,0,3,19.20742123,18.08886809,17.20666359
4522,2317,HIRTTR,24.8,16.2,2,0,2,19.91918767,18.75918449,17.84428827
2271,3603,HIRTTR,21.5,16.7,4,0,2,18.18784367,17.12866611,16.29329121
30233,4501,HIRTTR,21,13.7,4,1,2,17.9086379,16.86572002,16.04316915
4765,2221,HIRTTR,21.7,14.3,4,1,1,18.29822004,17.23261466,16.39217013
12294,4820,HIRTTR,22,17,4,1,2,18.46240774,17.38724081,16.53925507
38247,4419,HIRTTR,21.2,20.1,4,1,2,18.02088443,16.97142982,16.14372342
10738,4812,HIRTTR,25.7,13.1,4,1,3,20.36018328,19.17449851,18.23934718
80867,3504,HIRTTR,23.7,17,3,1,2,19.36266694,18.235073,17.345738
1239,4209,HIRTTR,34.2,21.9,4,1,2,23.97923496,22.58279303,21.48141721
146744,2309,HIRTTR,21,14.6,4,2,3,17.9086379,16.86572002,16.04316915
136162,2507,HIRTTR,20.9,14.7,4,2,3,17.85222979,16.81259686,15.99263683
8534,23,HIRTTR,24.3,15.2,2,2,2,19.66866573,18.5232518,17.61986215
948,4417,HIRTTR,31.2,20,4,2,3,22.80442092,21.47639484,20.4289787
3863,2715,HURACR,98,35.8,4,0,4,36.54281277,34.41472503,32.73629908
6208,1308,HURACR,123.5,36.9,4,0,4,38.7407767,36.4846895,34.7053102
3632,2902,HURACR,100.9,38.4,4,0,4,36.83455545,34.68947793,32.99765213
2045,3820,HURACR,146.4,39.1,4,0,5,40.18495436,37.8447648,35.99905384
1904,3902,HURACR,218,39.4,4,0,4,43.00113657,40.49694532,38.52188599
4700,2211,HURACR,129.9,39.6,4,0,4,39.18510554,36.90314264,35.10335514
4052,2615,HURACR,154.2,42.6,4,0,4,40.59639416,38.23224422,36.36763566
3650,2801,HURACR,130.4,43.6,4,0,4,39.21835986,36.93446038,35.13314549
2180,3709,HURACR,84.8,30.5,4,1,4,35.035915,32.99558215,31.38636862
2645,3409,HURACR,88.7,33.4,4,1,4,35.5146679,33.44645465,31.81525181
4669,2206,HURACR,108.5,36.2,4,1,4,37.54295819,35.35662651,33.63226348
4203,2510,HURACR,116.5,36.6,4,1,5,38.21149246,35.98622838,34.23115931
5263,1900,HURACR,118.6,36.6,4,1,4,38.37537668,36.14056872,34.37797239
932,4415,HURACR,122.8,37.7,4,1,5,38.68997548,36.43684671,34.65980073
3765,2817,HURACR,156.9,39.8,4,1,4,40.73094946,38.35896362,36.48817489
1955,3806,HURACR,152.9,41.1,4,1,5,40.53021547,38.16991947,36.30835053
1357,4223,HURACR,127.5,43.5,3,1,4,39.0226141,36.75011396,34.95778976
6907,911,HURACR,119,33.7,4,1,4,38.40608275,36.16948661,34.40547993
267,4816,HURACR,74.4,33.9,4,1,4,33.59238503,31.63611682,30.0932052
403,4710,HURACR,89,31.7,4,2,5,35.55024626,33.47996109,31.84712412
3868,2715,HURACR,60.5,32.2,4,2,4,31.17384903,29.35842539,27.92659809
102,4909,HURACR,109,32.5,4,2,4,37.58692995,35.39803756,33.67165489
1823,3914,HURACR,106,32.7,4,2,4,37.31839784,35.14514353,33.43109466
235,4812,HURACR,69.8,33.3,4,2,4,32.86270197,30.94892719,29.4395302
7020,804,HURACR,93.4,34.3,4,2,4,36.05292797,33.95336889,32.29744355
1333,4220,HURACR,182,34.7,3,2,4,41.82004218,39.38463252,37.46382133
7013,803,HURACR,87.6,38.3,4,2,4,35.38272217,33.32219284,31.69705032
1507,4106,HURACR,152.2,38.5,4,2,4,40.49419637,38.13599795,36.27608339
3273,3103,HURACR,156.7,41.6,4,2,5,40.72111366,38.34970062,36.47936365
522,4605,HURACR,43.2,21.1,4,2,2,26.9759837,25.40502471,24.16600704
2838,3314,HURACR,56.5,23,4,2,4,30.34268577,28.57566532,27.18201367
4891,2111,HURACR,108.9,30.5,4,2,4,37.57816017,35.38977849,33.66379862
3525,2918,HURACR,81.5,31.2,4,2,4,34.60576644,32.59048349,31.00102686
507,4604,HURACR,72,31.3,4,2,3,33.219483,31.28493092,29.75914683
3511,2920,HURACR,87,31.6,4,2,5,35.30974768,33.25346805,31.63167728
1879,3906,HURACR,92.2,32.1,4,2,4,35.91928892,33.82751238,32.17772513
861,4404,HURACR,134,32.9,3,2,4,39.45193713,37.15443517,35.34239198
962,4419,HURACR,108.6,34,4,2,4,37.55177716,35.3649319,33.64016382
1737,4023,HURACR,131,40.5,4,2,4,39.25799855,36.9717907,35.16865519
3971,2602,HYERAL,83.5,35.4,4,0,4,34.86932281,32.83869153,31.23712964
4043,2614,HYERAL,83,36.9,4,0,4,34.80427125,32.77742828,31.17885424
2314,3610,HYERAL,59.3,24.3,4,1,3,30.93183906,29.13050899,27.7097973
4789,2223,HYERAL,49.3,25.4,4,1,3,28.65009533,26.98164367,25.66573338
1957,3806,HYERAL,73,26.9,4,1,4,33.37686719,31.43314976,29.90013695
5202,1910,HYERAL,91.2,31.6,4,1,4,35.80597732,33.72079953,32.07621674
5331,1811,HYERAL,95,32.1,4,1,4,36.22726614,34.1175544,32.45362164
2920,3303,HYERAL,88.7,39.8,2,1,4,35.5146679,33.44645465,31.81525181
7916,308,HYERAL,48.4,30.9,2,1,4,28.41825112,26.76330101,25.45803942
3107,3222,HYERAL,84.5,33.1,4,1,4,34.99779248,32.95967971,31.35221716
4301,2401,HYERAL,87.8,36.4,4,2,4,35.40688835,33.34495169,31.71869921
239719,424,INGAGO,20.1,13.3,4,2,2,17.3940047,16.38105673,15.58214316
446310,4609,INGAMA,35.6,23.5,4,0,4,24.49429693,23.06786012,21.94282731
82303,3513,INGAMA,39.9,25.8,4,0,5,25.95887316,24.44714608,23.25484469
194349,1424,INGAMA,39,21.1,4,1,3,25.66608194,24.17140569,22.99255232
39119,4423,INGAMA,29.5,22.1,3,1,2,22.09180743,20.80528072,19.79059521
146601,2309,INGAMA,46,25.6,3,1,3,27.77520938,26.15770711,24.88198068
167114,1916,INGASA,28.9,20.2,2,0,3,21.83156696,20.56019547,19.55746291
76575,3609,INGASA,29.5,20.7,4,1,3,22.09180743,20.80528072,19.79059521
253219,216,INGASP,31.9,21.7,4,2,4,23.08767159,21.74315026,20.68272431
421138,2103,JAC1CO,20.4,16.8,4,0,2,17.56730335,16.54426325,15.73739001
160,4900,JAC1CO,48.1,24.9,4,0,4,28.33987048,26.6894849,25.38782336
257705,115,JAC1CO,50.5,26.1,4,0,4,28.95173595,27.2657181,25.93595334
194113,1423,JAC1CO,32.8,26.5,4,0,4,23.44352783,22.07828305,21.00151248
206389,1108,JAC1CO,27.5,26.7,4,0,4,21.20564418,19.9707236,18.99673992
155642,2104,JAC1CO,44.2,27.4,4,0,4,27.26779079,25.67983828,24.42741779
6091,1424,JAC1CO,53.5,27.8,4,0,4,29.6705099,27.94263391,26.57985558
5390,1819,JAC1CO,60.5,28.2,4,0,4,31.17384903,29.35842539,27.92659809
486,4600,JAC1CO,66.3,28.5,4,0,4,32.26329595,30.38442786,28.90256183
185937,1504,JAC1CO,42.8,28.9,4,0,4,26.8572007,25.29315909,24.05959716
206350,1108,JAC1CO,47.8,29.1,4,0,4,28.26093056,26.61514209,25.31710629
192,4804,JAC1CO,56.6,29.1,4,0,4,30.36434125,28.59605967,27.20141338
180870,1604,JAC1CO,48.6,29.7,4,0,4,28.47019706,26.81222186,25.50457437
6075,1423,JAC1CO,52.8,29.8,4,0,4,29.50713498,27.78877321,26.43349875
41726,4310,JAC1CO,46,29.9,4,0,5,27.77520938,26.15770711,24.88198068
156239,2107,JAC1CO,50.4,29.9,4,0,4,28.92691852,27.24234593,25.91372104
5669,1611,JAC1CO,65.8,29.9,4,0,4,32.17428574,30.3006012,28.82282344
155636,2104,JAC1CO,45.6,30.4,4,0,4,27.66437427,26.05332653,24.7826908
155537,2103,JAC1CO,44.7,31.4,4,0,4,27.41099865,25.81470636,24.55570827
1237,4209,JAC1CO,63.3,31.6,4,0,4,31.7157334,29.86875288,28.41203661
86,4911,JAC1CO,50.4,31.9,4,0,4,28.92691852,27.24234593,25.91372104
6277,1201,JAC1CO,83.6,31.9,4,0,5,34.88226729,32.85088218,31.24872575
5041,2015,JAC1CO,66.2,32.2,4,0,4,32.24556389,30.36772843,28.88667684
5637,1604,JAC1CO,81,32.9,2,0,4,34.53845765,32.52709446,30.94072934
191432,1407,JAC1CO,59.6,33.1,4,0,5,30.99291239,29.18802568,27.76450887
5885,1505,JAC1CO,66.9,33.1,4,0,5,32.36896133,30.48393977,28.99722048
6898,912,JAC1CO,58.4,34.1,4,0,4,30.74628553,28.95576125,27.54357211
7503,520,JAC1CO,73.6,34.1,4,0,4,33.46991055,31.52077469,29.98348837
6802,1022,JAC1CO,85.2,35.9,4,0,4,35.08644887,33.04317315,31.43163858
8302,107,JAC1CO,89.5,35.9,4,0,5,35.60916192,33.53544577,31.89990278
7708,410,JAC1CO,80.6,36.7,4,0,5,34.48419159,32.47598861,30.89211596
228686,720,JAC1CO,31,25.5,4,1,3,22.72242498,21.39917397,20.35552394
6081,1423,JAC1CO,54.1,31.5,4,1,4,29.80852614,28.07261272,26.70349524
6901,912,JAC1CO,63.2,33.9,4,1,4,31.69690876,29.8510245,28.39517285
7386,612,JAC1CO,63.9,34.5,4,1,4,31.82788705,29.9743752,28.51250767
7579,508,JAC1CO,55.3,28.5,2,1,4,30.0791174,28.32744597,26.94590012
1113,4309,JAC1CO,48.8,30.9,3,2,3,28.52189873,26.86091266,25.55089049
246710,309,JAC1CO,31.8,18.3,4,2,3,23.04755891,21.70537357,20.64679001
7508,519,JAC1CO,36.3,23.7,1,2,3,24.7444477,23.30344325,22.16692091
415,4709,JAC1CO,57.8,27.3,4,2,5,30.62060165,28.83739663,27.4309802
66921,3810,LACMPA,24,18.5,4,0,3,19.5164081,18.37986097,17.48346457
157112,2114,LACMPA,26.7,20.2,4,1,3,20.83572484,19.62234668,18.66535354
25239,4601,LACMPA,33.8,21.5,4,2,3,23.82833475,22.44068056,21.34623566
5528,1710,LAETPR,63.5,28.3,3,1,4,31.75326878,29.90410236,28.44566208
202848,1216,LAFOPU,30,22.1,4,2,3,22.30513482,21.00618489,19.98170117
57,4915,LICAPL,78.3,32.7,3,2,4,34.16473181,32.17513272,30.60593298
45630,4803,LINDLA,21.3,11.3,3,0,1,18.07672467,17.02401818,16.19374701
161925,2010,LINDLA,21.5,17.6,4,1,2,18.18784367,17.12866611,16.29329121
5640,1605,LINDLA,31.8,17.5,4,2,3,23.04755891,21.70537357,20.64679001
64185,3921,LONCLA,27.9,26.1,4,0,4,21.38721354,20.14171918,19.15939595
5654,1608,LONCLA,41.3,30.3,4,0,4,26.40089597,24.86342748,23.65082381
6192,1310,LONCLA,47.1,32.5,3,0,4,28.0745291,26.4395958,25.1501215
6849,920,LONCLA,39.8,28.5,3,2,4,25.92668089,24.41682854,23.22600576
4893,2110,LUEHSE,59.5,27.4,4,0,4,30.97259733,29.16889368,27.74630995
2374,3619,LUEHSE,87.8,33.7,4,0,4,35.40688835,33.34495169,31.71869921
5011,2009,LUEHSE,66.4,25.2,4,1,3,32.28099322,30.40109453,28.91841565
520,4605,LUEHSE,74,28.6,3,1,4,33.53137193,31.57865685,30.03854758
51,4916,LUEHSE,74.1,31.5,4,1,3,33.54666704,31.59306124,30.05224946
4030,2611,LUEHSE,84.5,34.6,4,1,3,34.99779248,32.95967971,31.35221716
3153,3121,LUEHSE,21.5,12.8,3,2,3,18.18784367,17.12866611,16.29329121
3036,3211,LUEHSE,108.3,26.3,1,2,3,37.52528312,35.33998076,33.61642956
5300,1804,LUEHSE,102.7,30,4,2,4,37.0094333,34.85417169,33.15431368
4806,2124,LUEHSE,81.8,35.1,4,2,4,34.64587521,32.62825651,31.03695766
6161,1315,LUEHSE,57.8,28.5,2,2,4,30.62060165,28.83739663,27.4309802
6323,1207,LUEHSE,79.3,35.2,3,2,4,34.30520562,32.30742597,30.73177421
42275,4314,MACRGL,33,20.5,4,0,3,23.52136725,22.15158946,21.07124369
435304,3516,MICOAR,20,16.8,4,0,3,17.33584225,16.32628139,15.53003925
251599,208,MICOAR,22.1,19.5,4,0,3,18.51677333,17.4384404,16.58795763
147603,2316,MICOAR,22.7,21,4,0,3,18.83920912,17.74209899,16.87680661
133241,2620,MICOAR,27.3,24,4,0,2,21.11401953,19.88443476,18.91465943
264241,24,MICOAR,25.3,15.5,3,2,2,20.16573941,18.99137817,18.06515772
4869,2115,MYROFR,46.3,32.7,4,0,4,27.85763203,26.23532984,24.9558177
137,4904,MYROFR,41.1,30.9,4,2,4,26.33872434,24.80487644,23.59512834
244145,420,NECTCI,29.7,22.6,4,0,1,22.17752005,20.88600182,19.8673795
821506,2116,OCHRPY,32.5,24.4,4,0,5,23.32593053,21.96753409,20.89616481
204305,1223,OCHRPY,70.4,26.1,4,0,4,32.9614775,31.04195048,29.52801669
64279,3921,OCOTOB,27.5,19.3,2,0,3,21.20564418,19.9707236,18.99673992
539281,3921,OCOTOB,34.1,23.9,4,0,3,23.94166894,22.54741468,21.44776429
133246,2620,OCOTOB,22.1,18.6,4,1,2,18.51677333,17.4384404,16.58795763
10607,4811,OCOTPU,74.2,30.9,4,2,4,33.56193421,31.60743932,30.06592631
913,4412,OCOTWH,85.6,30.9,3,0,3,35.13664732,33.09044827,31.47660807
1364,4224,OCOTWH,81.9,31.7,4,0,4,34.65919907,32.64080444,31.04889363
960,4418,OCOTWH,56,32.3,2,0,3,30.2337017,28.47302798,27.08438202
128846,4921,OCOTWH,25.3,17.9,4,1,3,20.16573941,18.99137817,18.06515772
1338,4221,OCOTWH,68.9,29.7,3,1,3,32.71240842,30.80738605,29.30489211
12746,4823,OCOTWH,45.3,21.5,3,2,3,27.58053577,25.97437041,24.70758541
2208,3705,OCOTWH,83.8,24.5,2,2,3,34.90809086,32.87520191,31.27185939
85629,3403,OCOTWH,42.2,25.8,4,2,4,26.67676377,25.12322999,23.89795561
2015,3816,ORMOCR,98.2,38.9,4,0,4,36.56334225,34.43405896,32.75469009
2858,3312,ORMOMA,74.8,31.6,4,1,4,33.65295468,31.69315916,30.14746555
5955,1406,ORMOMA,64.4,34.9,4,2,5,31.92032073,30.06142596,28.59531292
45186,4800,PHOECI,37.1,23.9,4,1,4,25.02454071,23.56722491,22.41783779
6831,922,PIT1MA,92.9,37.1,4,0,4,35.9975505,33.90121635,32.24783452
5633,1604,PLA1PI,45,31.1,3,1,4,27.49607948,25.89483246,24.63192658
7691,406,PLA1PI,85.2,36.1,4,1,4,35.08644887,33.04317315,31.43163858
7362,608,PLA1PI,72,32.5,4,1,4,33.219483,31.28493092,29.75914683
5988,1410,PLA1PI,60.5,40.5,4,1,4,31.17384903,29.35842539,27.92659809
3258,3106,PLA1PI,62.3,32.7,4,2,4,31.5257577,29.6898405,28.24184989
8214,120,PLA1PI,53.9,27.5,4,2,4,29.76272535,28.02947915,26.66246533
4394,2415,PLA1PI,76.2,35,3,2,4,33.86152443,31.88958276,30.33430946
3003,3207,PLA1PI,79.5,35.2,2,2,4,34.33300625,32.33360761,30.75667896
6444,1222,PLA2EL,68.4,34.9,4,0,5,32.6277864,30.72769204,29.22908482
5337,1811,PLA2EL,86.4,35.5,4,0,5,35.23605111,33.18406324,31.56565738
7030,806,PLA2EL,59.5,36.3,4,0,5,30.97259733,29.16889368,27.74630995
7072,813,PLA2EL,119.6,39.7,4,0,4,38.45184198,36.21258103,34.44647261
3252,3107,PLA2EL,47.3,27.1,4,1,4,28.1281051,26.49005178,25.19811671
4431,2421,PLA2EL,137.5,35.9,4,1,5,39.66960483,37.35942689,35.53738614
4391,2414,PLA2EL,98.5,36.6,4,1,5,36.59402074,34.46295087,32.78217292
5746,1623,PLA2EL,101.2,31.7,4,1,5,36.86402404,34.7172304,33.0240511
2384,3620,PLA2EL,107.3,34.1,4,1,5,37.43615877,35.2560466,33.53658892
2059,3823,PLA2EL,134.5,36.1,4,1,4,39.48358745,37.18424232,35.37074542
3946,2702,PLA2EL,89.5,36.2,3,2,4,35.60916192,33.53544577,31.89990278
406133,608,POCHQU,34,23.7,4,1,3,23.90399719,22.51193676,21.41401665
97481,3212,POULAR,21,13,4,0,3,17.9086379,16.86572002,16.04316915
54559,4124,POULAR,26.1,18.7,3,0,3,20.55218956,19.35532321,18.41135296
1280,4214,POULAR,33.3,26.5,4,0,3,23.63729751,22.26076846,21.17509798
41568,4309,POULAR,44.4,26.9,4,0,3,27.32528644,25.73398564,24.47892435
871,4406,POULAR,46.9,30.1,4,0,3,28.02069563,26.38889735,25.10189564
1869,3907,POULAR,57.2,30.3,3,0,3,30.49329726,28.71750587,27.31693658
1258,4211,POULAR,53,31.5,3,0,4,29.55407557,27.8329802,26.47554974
363,4716,POULAR,50.8,32.1,4,0,3,29.02584581,27.33551214,26.00234348
4621,2301,POULAR,83.8,32.2,4,0,3,34.90809086,32.87520191,31.27185939
1099,4311,POULAR,95.9,32.3,4,0,4,36.3234534,34.20814015,32.53978947
218488,919,POULAR,49.4,32.7,4,0,3,28.67555502,27.0056207,25.68854104
954,4417,POULAR,49.8,34.3,4,0,4,28.77680184,27.10097137,25.7792414
967,4420,POULAR,54,36.3,4,0,4,29.78565118,28.05106989,26.68300307
956,4418,POULAR,62.9,37.9,4,0,4,31.64020565,29.79762352,28.34437627
2567,3502,POULAR,81.2,43.4,4,0,4,34.56545065,32.55251551,30.96491059
28141,4616,POULAR,28.4,19.5,4,1,2,21.61107648,20.35254536,19.35994001
28494,4617,POULAR,43,27.9,4,1,4,26.91674154,25.34923254,24.11293588
951,4417,POULAR,58.7,30.5,4,1,3,30.80852929,29.01438021,27.59933219
42250,4314,POULAR,23,14.5,4,2,3,18.99804944,17.89168917,17.01910119
141595,2408,POULAR,26,16.5,1,2,2,20.50441408,19.31032996,18.36855406
39175,4423,POULAR,42.8,20.5,3,2,3,26.8572007,25.29315909,24.05959716
52504,4112,POULAR,34.5,21.3,3,2,3,24.09130298,22.68833471,21.58181157
400788,20,POURBI,44,19.2,4,0,3,27.21000937,25.62542178,24.37565522
4520,2317,POUTFO,43.1,33.4,4,0,3,26.94639982,25.37716366,24.13950478
166645,1911,POUTRE,23.6,16.3,4,0,3,19.31108659,18.18649646,17.29953056
211500,1008,POUTRE,37.5,20.7,4,0,3,25.16232777,23.69698788,22.54127214
167104,1916,POUTRE,35.9,25.9,4,0,3,24.60209311,23.16937875,22.03939481
187351,1512,POUTRE,45.2,26.1,4,0,3,27.55245265,25.94792272,24.68242759
5674,1612,POUTRE,36.4,28.1,4,0,3,24.77979368,23.33673084,22.19858504
4899,2109,POUTRE,54.8,29.4,4,0,3,29.96724028,28.22208406,26.84567678
75,4912,POUTRE,52.3,29.5,4,0,4,29.38885403,27.67738041,26.32753864
5949,1404,POUTRE,45,30.5,4,0,4,27.49607948,25.89483246,24.63192658
1462,4112,POUTRE,56.4,32.3,4,0,3,30.32098339,28.55522678,27.16257194
273,4817,POUTRE,47.5,34.7,4,0,4,28.18142545,26.540267,25.2458829
166686,1912,POUTRE,27.5,17.7,4,1,2,21.20564418,19.9707236,18.99673992
186009,1504,POUTRE,24.7,20.1,4,1,1,19.86940385,18.71229985,17.79969022
144694,2424,POUTRE,39,24.7,4,1,3,25.66608194,24.17140569,22.99255232
5177,1915,POUTRE,60.9,28.4,4,1,3,31.2531839,29.43314016,27.99766897
892,4409,POUTRE,79.5,31.7,4,1,4,34.33300625,32.33360761,30.75667896
13123,506,POUTRE,55.7,32.3,4,1,4,30.16774041,28.41090798,27.02529164
176101,1707,POUTRE,25.3,19.3,4,1,3,20.16573941,18.99137817,18.06515772
5162,1918,POUTRE,36.2,24.3,4,1,4,24.70900505,23.27006462,22.13517017
870,4406,POUTRE,59,32.2,4,1,4,30.87037924,29.0726283,27.65473949
240566,402,POUTRE,22,15.9,4,2,2,18.46240774,17.38724081,16.53925507
207820,1115,POUTRE,29.4,22.5,4,2,3,22.04875862,20.76473888,19.75203061
153,4901,POUTRE,43.1,21.7,4,2,4,26.94639982,25.37716366,24.13950478
269592,419,POUTRE,42.1,22.1,4,2,3,26.64642338,25.09465648,23.87077564
5542,1707,POUTRE,56.7,25.5,2,2,4,30.38594996,28.61640999,27.2207712
4751,2219,POUTRE,69.6,27.6,4,2,4,32.82952598,30.91768322,29.40981002
4759,2220,POUTRE,42.3,27.8,4,2,4,26.70702724,25.15173105,23.92506665
7655,402,POUTRE,81,34.3,4,2,4,34.53845765,32.52709446,30.94072934
165795,1905,POUTST,22.7,17,4,0,3,18.83920912,17.74209899,16.87680661
4059,2616,POUTST,35.7,22.6,0,0,0,24.5303279,23.10179282,21.97510509
45758,4804,POUTST,23.2,16.9,4,2,3,19.10307765,17.99060102,17.11318905
272969,705,PRI2CO,21.7,15.3,4,0,2,18.29822004,17.23261466,16.39217013
138876,2523,PRI2CO,21.2,17.4,4,0,2,18.02088443,16.97142982,16.14372342
137753,2516,PRI2CO,26.8,17.8,4,0,3,20.88246738,19.66636715,18.70722711
77147,3613,PRI2CO,29.9,18.2,4,0,3,22.26272305,20.96624299,19.94370725
146718,2309,PRI2CO,45.8,26,4,0,4,27.71992666,26.10564381,24.83245653
5565,1704,PRI2CO,94.3,30.5,4,0,4,36.15152548,34.04622453,32.38577057
5847,1510,PRI2CO,94.5,31.7,4,0,4,36.17324945,34.06668339,32.40523164
5517,1711,PRI2CO,84.4,32.7,1,0,3,34.98504238,32.94767212,31.34079519
5966,1407,PRI2CO,60,33.3,4,0,4,31.07374846,29.26415423,27.83692458
5655,1608,PRI2CO,81.4,33.7,4,0,4,34.59235093,32.57784923,30.98900878
3961,2600,PRI2CO,89,34.4,4,0,4,35.55024626,33.47996109,31.84712412
3245,3108,PRI2CO,84.7,34.9,4,0,4,35.02322874,32.98363467,31.37500383
141,4903,PRI2CO,95,34.9,4,0,4,36.22726614,34.1175544,32.45362164
5291,1803,PRI2CO,125.5,35.1,3,0,4,38.88346417,36.6190675,34.8331345
2471,3516,PRI2CO,98.2,35.4,4,0,5,36.56334225,34.43405896,32.75469009
5968,1407,PRI2CO,57.3,36.1,4,0,4,30.5146285,28.73759488,27.33604584
4583,2306,PRI2CO,102.5,36.2,4,0,4,36.99022945,34.83608618,33.13711021
6648,1003,PRI2CO,83,36.3,4,0,4,34.80427125,32.77742828,31.17885424
4920,2106,PRI2CO,89.8,36.7,4,0,4,35.64428436,33.56852284,31.93136666
1669,4014,PRI2CO,84.7,37.1,4,0,4,35.02322874,32.98363467,31.37500383
6967,902,PRI2CO,101.7,37.1,4,0,4,36.91284979,34.76321277,33.06779087
4652,2203,PRI2CO,110.1,37.2,4,0,4,37.68259561,35.48813208,33.75735545
7344,605,PRI2CO,99.5,37.9,4,0,5,36.69529055,34.55832319,32.87289388
6937,907,PRI2CO,112.7,38.5,4,0,5,37.90301982,35.69571978,33.95481898
4035,2612,PRI2CO,110.4,39.7,4,0,4,37.7084337,35.51246548,33.7805021
5262,1900,PRI2CO,97.4,40.1,4,0,4,36.48085097,34.3563716,32.68079158
3764,2817,PRI2CO,86.2,40.8,4,0,4,35.21132329,33.16077545,31.54350535
7033,806,PRI2CO,26.6,17.9,4,1,2,20.78883674,19.57818913,18.62334958
7618,503,PRI2CO,47.4,26.3,4,1,3,28.15479712,26.51518938,25.22202834
3851,2717,PRI2CO,94.5,33.6,4,1,3,36.17324945,34.06668339,32.40523164
7360,608,PRI2CO,51.6,34,4,1,4,29.22099495,27.51929668,26.17716474
5060,2018,PRI2CO,90,34.3,4,1,4,35.66760551,33.59048587,31.95225854
5981,1409,PRI2CO,120.6,34.3,4,1,4,38.527318,36.28366167,34.5140866
5293,1803,PRI2CO,106.8,34.5,2,1,4,37.39112287,35.21363339,33.49624422
6568,1106,PRI2CO,120,36.1,4,1,4,38.48215003,36.24112408,34.4736236
6257,1300,PRI2CO,111.7,36.5,4,1,4,37.81917103,35.61675397,33.87970438
5675,1612,PRI2CO,114.7,37.7,4,1,4,38.06733763,35.85046846,34.10202048
7323,603,PRI2CO,95.7,38.5,4,1,4,36.30219327,34.18811811,32.52074391
5927,1402,PRI2CO,87,40.1,4,1,3,35.30974768,33.25346805,31.63167728
5931,1402,PRI2CO,95.7,40.5,4,1,4,36.30219327,34.18811811,32.52074391
7287,703,PRI2CO,106.5,41.3,4,1,4,37.36394781,35.18804088,33.47189988
7256,708,PRI2CO,96.8,41.9,4,1,5,36.41832319,34.29748516,32.62477707
5215,1908,PRI2CO,132.3,42.6,4,1,4,39.3428994,37.0517473,35.24471226
132912,2617,PRI2CO,26.8,19.4,4,1,3,20.88246738,19.66636715,18.70722711
7622,502,PRI2CO,45,21.1,4,1,2,27.49607948,25.89483246,24.63192658
5993,1411,PRI2CO,66.5,26.5,3,1,4,32.29865581,30.41772853,28.9342384
8023,206,PRI2CO,99.7,37.9,3,1,4,36.71536343,34.57722712,32.89087585
6550,1109,PRI2CO,89.6,40.5,4,1,5,35.62088823,33.54648919,31.9104076
93156,3315,PRI2CO,30.8,15.4,4,2,3,22.63994726,21.32149937,20.28163758
7319,601,PRI2CO,63,26.5,4,2,4,31.659145,29.81545993,28.36134279
6559,1108,PRI2CO,66,28.9,2,2,4,32.209995,30.33423092,28.85481302
7554,511,PRI2CO,75.6,30.5,4,2,4,33.7727826,31.80600885,30.2548115
5953,1405,PRI2CO,78.4,33.1,2,2,4,34.17889055,32.18846692,30.61861686
3420,3017,PRI2CO,91,33.8,4,2,5,35.78309873,33.69925329,32.05572131
8333,103,PRI2CO,91.8,36.3,4,2,5,35.8741792,33.78502965,32.13731431
6970,902,PRI2CO,102.4,42.1,4,2,4,36.98060647,34.8270236,33.12848962
87926,3416,PRI2CO,21.7,13.2,4,2,3,18.29822004,17.23261466,16.39217013
181032,1605,PRI2CO,26.7,15.3,4,2,2,20.83572484,19.62234668,18.66535354
4587,2306,PRI2CO,32,18,4,2,2,23.12766835,21.7808178,20.71855478
131302,2608,PRI2CO,36.3,20.6,4,2,4,24.7444477,23.30344325,22.16692091
5970,1407,PRI2CO,45,24.1,4,2,4,27.49607948,25.89483246,24.63192658
7028,805,PRI2CO,68,32.9,4,2,4,32.55949996,30.66338229,29.16791149
825,4501,PRI2CO,64.7,33.1,4,2,5,31.97533866,30.1132399,28.64459986
7594,506,PRI2CO,70.9,33.1,4,2,4,33.04293871,31.11866776,29.60099242
5960,1406,PRI2CO,63.5,33.5,4,2,5,31.75326878,29.90410236,28.44566208
8705,1804,PRI2CO,97.4,34,4,2,4,36.48085097,34.3563716,32.68079158
6292,1203,PRI2CO,92,35.1,3,2,4,35.89676966,33.80630454,32.15755161
7298,701,PRI2CO,97.7,35.1,2,2,4,36.51190214,34.38561449,32.70860828
6290,1202,PRI2CO,85.2,35.9,4,2,3,35.08644887,33.04317315,31.43163858
5906,1502,PRI2CO,72.8,37.1,3,2,3,33.34562323,31.40372531,29.87214755
5943,1404,PRI2CO,95.4,38.3,3,2,4,36.27018042,34.15796955,32.49206572
6240,1302,PRI2CO,102.7,38.5,2,2,4,37.0094333,34.85417169,33.15431368
125668,4904,PROTTE,21.2,14.8,4,0,3,18.02088443,16.97142982,16.14372342
8530,23,PROTTE,45.3,21.4,4,0,3,27.58053577,25.97437041,24.70758541
672,4521,PROTTE,29.7,21.5,4,0,3,22.17752005,20.88600182,19.8673795
966,4420,PROTTE,34.5,25.1,4,0,3,24.09130298,22.68833471,21.58181157
153236,2221,PROTTE,24.4,18.7,4,1,4,19.71909218,18.57074165,17.66503589
10592,4811,PROTTE,24.4,19.1,4,1,2,19.71909218,18.57074165,17.66503589
3757,2816,PROTTE,27.9,14.8,4,1,1,21.38721354,20.14171918,19.15939595
206404,1108,PROTTE,24.9,17.5,4,1,3,19.9688127,18.80591958,17.88874406
31454,4507,PROTTE,26.6,17.1,4,2,3,20.78883674,19.57818913,18.62334958
7226,713,PROTTE,51.1,17.3,3,2,3,29.09944612,27.4048263,26.06827715
263544,20,PROTTE,21.6,19.1,4,2,3,18.24312424,17.18072739,16.34281343
4672,2206,PROTTE,37.3,22.3,4,2,3,25.09362004,23.63228137,22.47972141
6100,1323,PROTTE,28.2,14.3,4,2,4,21.52194019,20.26859997,19.28008868
7,4923,PROTTE,48.1,20.9,4,2,3,28.33987048,26.6894849,25.38782336
73200,3717,PROTTE,32.4,21.3,4,2,4,23.28650604,21.9304055,20.860847
4873,2114,PSE1SE,43.4,25.1,4,0,5,27.0349294,25.46053768,24.2188126
2768,3324,PSE1SE,113.2,34.4,4,0,4,37.94451748,35.7348008,33.991994
4850,2118,PSE1SE,130.3,35.6,4,0,5,39.21172521,36.92821211,35.12720195
4610,2302,PSE1SE,99.1,39,4,1,4,36.65496451,34.52034555,32.83676843
4011,2608,PSE1SE,62.4,36.6,4,2,4,31.54492959,29.70789591,28.25902473
18944,4221,QUARAS,23,18.1,4,0,2,18.99804944,17.89168917,17.01910119
171109,1807,QUARAS,28,19.2,4,0,3,21.43225953,20.1841419,19.19974968
1393,4120,QUARAS,24.8,22.7,4,0,3,19.91918767,18.75918449,17.84428827
85,4911,QUARAS,48.9,23.5,4,0,3,28.5476585,26.88517229,25.57396697
239332,523,QUARAS,37.9,24.3,4,0,3,25.29864012,23.82536201,22.66338539
7664,403,QUARAS,41.9,24.5,4,0,3,26.58551065,25.03729104,23.81620795
2176,3711,QUARAS,40.9,24.9,4,0,3,26.27623198,24.74602336,23.53914556
7669,403,QUARAS,44.2,25.1,4,0,4,27.26779079,25.67983828,24.42741779
2337,3613,QUARAS,53.2,25.3,4,0,3,29.60080584,27.8769891,26.5174123
5016,2010,QUARAS,59.2,25.4,4,0,4,30.91139558,29.11125604,27.69148333
5896,1504,QUARAS,71.4,25.7,3,0,4,33.12363707,31.19466662,29.67328478
781,4507,QUARAS,42.9,26.5,4,0,3,26.88700859,25.3212311,24.08630009
612,4620,QUARAS,52.1,26.5,4,0,4,29.34116614,27.63246964,26.2848182
6712,1008,QUARAS,56.4,26.7,4,0,4,30.32098339,28.55522678,27.16257194
1292,4215,QUARAS,38.2,27.3,4,0,4,25.39992051,23.92074429,22.75411582
4999,2007,QUARAS,40.3,27.3,4,0,3,26.0868061,24.56762878,23.36945138
1728,4021,QUARAS,42.1,27.7,4,0,4,26.64642338,25.09465648,23.87077564
1979,3810,QUARAS,54.4,28.3,4,0,4,29.87684743,28.13695529,26.76469979
4521,2317,QUARAS,53.3,28.4,4,0,3,29.62409253,27.89891968,26.53827332
3545,2915,QUARAS,93.2,28.4,3,0,4,36.03082894,33.93255681,32.27764649
2134,3717,QUARAS,55.5,28.5,4,0,4,30.1235258,28.36926822,26.98568269
6752,1015,QUARAS,57.9,28.7,4,0,4,30.64166067,28.85722927,27.44984559
7274,705,QUARAS,44.7,29.3,4,0,3,27.41099865,25.81470636,24.55570827
3738,2813,QUARAS,61,29.8,4,0,3,31.27291512,29.45172232,28.01534487
3402,3015,QUARAS,57.3,30,4,0,4,30.5146285,28.73759488,27.33604584
360,4717,QUARAS,44.3,30.2,4,0,4,27.29657421,25.70694548,24.45320295
784,4507,QUARAS,73.4,30.3,4,0,4,33.43901022,31.49167386,29.9558068
970,4420,QUARAS,53,30.5,4,0,4,29.55407557,27.8329802,26.47554974
268,4817,QUARAS,57.1,30.7,4,0,4,30.47192014,28.69737366,27.29778623
757,4511,QUARAS,89.1,30.7,4,0,4,35.56206743,33.49109385,31.85771393
2563,3503,QUARAS,77.2,30.8,4,0,4,34.0073222,32.02688993,30.46492008
3639,2901,QUARAS,85.3,30.8,4,0,3,35.0990298,33.05502143,31.44290901
1241,4209,QUARAS,65,30.9,4,0,4,32.03002848,30.16474483,28.69359287
3037,3211,QUARAS,46.3,31,3,0,3,27.85763203,26.23532984,24.9558177
1326,4220,QUARAS,60.1,31.1,4,0,4,31.0938521,29.28308712,27.85493411
7475,523,QUARAS,71,31.7,2,0,4,33.05913907,31.13392468,29.61550526
5945,1404,QUARAS,62.4,31.9,4,0,4,31.54492959,29.70789591,28.25902473
1261,4212,QUARAS,65.2,31.9,3,0,4,32.0663075,30.19891113,28.72609285
867,4405,QUARAS,54.5,32.1,4,0,4,29.89952055,28.15830803,26.78501114
1281,4214,QUARAS,69.8,32.1,3,0,4,32.86270197,30.94892719,29.4395302
1036,4320,QUARAS,46.1,32.3,4,0,3,27.80275022,26.18364409,24.9066527
3231,3110,QUARAS,75,32.4,3,0,4,33.6830747,31.72152513,30.17444809
1378,4123,QUARAS,68.2,32.9,4,0,4,32.59370904,30.69559919,29.19855715
1098,4311,QUARAS,92.2,32.9,4,0,4,35.91928892,33.82751238,32.17772513
4473,2322,QUARAS,60,33.1,4,0,4,31.07374846,29.26415423,27.83692458
1052,4318,QUARAS,62,33.1,4,0,4,31.46800654,29.6354525,28.19011443
361,4717,QUARAS,80.2,33.1,4,0,4,34.42954891,32.42452807,30.84316518
1130,4307,QUARAS,63,33.6,4,0,4,31.659145,29.81545993,28.36134279
366,4716,QUARAS,72.9,33.8,4,0,4,33.36125964,31.41845113,29.88615519
3191,3115,QUARAS,78.3,34.3,4,0,4,34.16473181,32.17513272,30.60593298
3406,3015,QUARAS,78.1,34.4,4,0,5,34.13633931,32.14839367,30.58049801
1449,4113,QUARAS,71.4,34.5,4,0,3,33.12363707,31.19466662,29.67328478
1161,4301,QUARAS,87.4,34.8,4,0,4,35.35847692,33.29935953,31.6753306
2591,3401,QUARAS,77,36.4,4,0,4,33.97837058,31.99962432,30.43898422
952,4417,QUARAS,77.5,37.1,4,0,4,34.05055693,32.06760687,30.50365123
3928,2705,QUARAS,93.2,37.4,3,0,4,36.03082894,33.93255681,32.27764649
1227,4208,QUARAS,76.7,38.7,4,0,4,33.93474907,31.95854313,30.39990659
935,4415,QUARAS,116.9,38.7,4,0,5,38.24306007,36.01595763,34.25943865
3000,3207,QUARAS,65,39.6,4,0,3,32.03002848,30.16474483,28.69359287
253130,216,QUARAS,20.5,16.7,4,1,3,17.62467656,16.5982953,15.78878689
137766,2516,QUARAS,23.5,17,1,1,3,19.25933829,18.13776174,17.25317266
146465,2308,QUARAS,22.3,19.04,4,1,3,18.62496427,17.54033079,16.68487876
6848,920,QUARAS,31.7,19.5,3,1,3,23.00732983,21.66748725,20.61075142
5636,1604,QUARAS,34,21.7,4,1,3,23.90399719,22.51193676,21.41401665
204083,1222,QUARAS,46.3,22.7,4,1,3,27.85763203,26.23532984,24.9558177
1717,4020,QUARAS,47.3,22.9,3,1,3,28.1281051,26.49005178,25.19811671
56970,4020,QUARAS,27.7,23.1,4,1,3,21.29670718,20.0564835,19.07831726
4591,2305,QUARAS,51.3,23.9,4,1,3,29.14823246,27.45077154,26.11198162
8515,21,QUARAS,49.4,24.4,4,1,4,28.67555502,27.0056207,25.68854104
1985,3810,QUARAS,42.2,25.1,4,1,4,26.67676377,25.12322999,23.89795561
5284,1802,QUARAS,38,21.8,4,1,3,25.3324905,23.8572411,22.69370972
289,4820,QUARAS,67,26.1,3,1,5,32.38645199,30.50041186,29.01288922
1072,4315,QUARAS,46.5,22.2,4,2,3,27.91224895,26.28676612,25.0047454
4783,2222,QUARAS,27.1,16.5,4,2,2,21.02182819,19.79761222,18.83207128
197469,1305,QUARAS,23,17.9,4,2,3,18.99804944,17.89168917,17.01910119
153473,2222,QUARAS,20.9,18.6,4,2,3,17.85222979,16.81259686,15.99263683
5602,1700,QUARAS,45.8,18.6,2,2,3,27.71992666,26.10564381,24.83245653
76576,3609,QUARAS,25.9,19.3,4,2,2,20.45648833,19.26519519,18.32562054
4766,2221,QUARAS,40.5,21.2,3,2,3,26.15027534,24.62740186,23.4263093
67845,3814,QUARAS,28.1,21.3,2,2,3,21.47716821,20.2264353,19.23998041
8248,115,QUARAS,46.9,24.1,2,2,4,28.02069563,26.38889735,25.10189564
4352,2408,QUARAS,53.7,24.9,4,2,3,29.71672038,27.98615331,26.62125251
2318,3610,QUARAS,57,26.7,3,2,4,30.450497,28.6771981,27.27859465
8049,209,QUARAS,56.7,30.01,4,2,4,30.38594996,28.61640999,27.2207712
676,4521,RANDAR,21.2,12.5,2,2,2,18.02088443,16.97142982,16.14372342
285253,2016,SAPIAU,20.9,17.4,4,0,3,17.85222979,16.81259686,15.99263683
491,4601,SAPIAU,67.8,37.1,2,1,4,32.52515839,30.63104062,29.13714714
977,4422,SAPISP,41.7,29.1,4,0,3,26.52428675,24.97963254,23.76136148
129102,4923,SIMAAM,40.2,26.8,4,0,3,26.05494764,24.53762562,23.34091149
6747,1014,SIMAAM,63.2,29.5,4,0,3,31.69690876,29.8510245,28.39517285
233694,620,SIMAAM,59.1,31.5,4,0,4,30.89090901,29.09196252,27.67313076
190,4803,SIMAAM,45.1,26.7,4,1,3,27.52430063,25.92141015,24.65720806
227348,713,SIMAAM,49.3,31.1,4,1,4,28.65009533,26.98164367,25.66573338
152736,2218,SIMAAM,22.5,16.5,4,2,3,18.7324406,17.64154818,16.78115972
194104,1423,SIMAAM,27.4,15.7,4,2,3,21.15990238,19.92764559,18.95576285
145949,2305,SIMAAM,28.6,21.8,4,2,3,21.69967319,20.4359826,19.43930797
237,4812,SLOATE,31,25.7,4,0,3,22.72242498,21.39917397,20.35552394
1336,4221,SLOATE,31.5,27.5,4,0,3,22.92652047,21.59138386,20.53835964
2613,3405,SLOATE,82.5,37,4,1,5,34.73866604,32.71564362,31.12008285
7053,809,SLOATE,79.5,41.7,4,1,4,34.33300625,32.33360761,30.75667896
3208,3113,SLOATE,123.9,36.4,4,1,5,38.7696036,36.51183765,34.73113432
6336,1208,SLOATE,88.6,37.8,4,2,4,35.50277001,33.43524964,31.80459327
2363,3617,SLOATE,37.2,20.5,3,2,4,25.05912701,23.59979706,22.44882138
8211,120,SLOATE,36.4,26.6,4,2,4,24.77979368,23.33673084,22.19858504
257846,115,SPONMO,55.9,29.1,3,0,4,30.21176248,28.4523664,27.06472812
181499,1607,SPONMO,51,26.7,4,1,4,29.07496898,27.3817746,26.04634969
7682,405,SPONMO,81.3,30.3,4,2,4,34.57891235,32.56519326,30.97697004
233,4812,SPONMO,69.2,32.3,4,2,4,32.76279352,30.85483696,29.3500288
6168,1314,SPONMO,62.8,24,4,2,4,31.62122784,29.77975089,28.3273753
6396,1216,SPONMO,88,35.3,4,2,5,35.43097585,33.36763644,31.74027761
1087,4313,SPONRA,36.5,24.9,4,0,3,24.81504336,23.36992774,22.23016291
7823,323,SPONRA,65.2,27.1,4,0,5,32.0663075,30.19891113,28.72609285
7837,320,SPONRA,89.2,36.5,4,0,4,35.57386954,33.50220865,31.86828666
449,4704,SPONRA,61.4,26.7,4,2,4,31.35143376,29.52566839,28.08568455
6165,1314,STERAP,42.1,25.1,4,0,3,26.64642338,25.09465648,23.87077564
2308,3609,STERAP,59.4,30.5,4,0,3,30.9522396,29.14972149,27.7280728
3617,2904,STERAP,92,37,4,0,4,35.89676966,33.80630454,32.15755161
7284,703,STERAP,99.1,38.9,4,0,4,36.65496451,34.52034555,32.83676843
1461,4112,STERAP,84.9,37.7,4,1,4,35.0485801,33.00750969,31.39771444
170,4800,STERAP,62.9,28.9,4,2,4,31.64020565,29.79762352,28.34437627
8038,208,STERAP,93.6,37.7,4,2,4,36.07495809,33.97411608,32.31717889
7235,712,SWARS1,23.8,14.1,2,1,2,19.41408012,18.28349211,17.39179568
7831,322,SYMPGL,46.3,28.9,4,0,4,27.85763203,26.23532984,24.9558177
1078,4314,TAB1GU,55.8,32.2,4,0,4,30.18977544,28.43165978,27.04503137
308,4824,TAB1GU,64.2,40.3,4,0,4,31.88345837,30.0267103,28.56229036
3881,2713,TAB1GU,85.4,37.8,4,1,5,35.11158981,33.06685001,31.4541607
7653,401,TAB1GU,97,32.9,3,1,4,36.43922915,34.31717364,32.64350533
5058,2017,TAB1GU,76.4,32.6,3,2,4,33.89089302,31.91724106,30.36061884
8460,14,TAB1GU,102.5,36.5,4,2,5,36.99022945,34.83608618,33.13711021
2603,3403,TAB1RO,55.6,38.4,4,0,4,30.14565725,28.39011084,27.0055088
2254,3600,TAB1RO,90.7,43.5,4,0,4,35.74864407,33.66680511,32.02485565
266,4816,TAB1RO,73.8,38.3,4,1,4,33.50069758,31.54976883,30.01106845
7659,402,TAB1RO,64.1,31.8,4,2,4,31.86497175,30.00930025,28.54572941
6189,1310,TAB2AR,37.7,25.3,4,0,2,25.23066683,23.76134718,22.6024926
150579,2203,TAB2AR,45.8,25.7,4,0,2,27.71992666,26.10564381,24.83245653
5044,2015,TAB2AR,49.4,27.1,4,0,3,28.67555502,27.0056207,25.68854104
4133,2521,TAB2AR,44.3,27.2,4,0,3,27.29657421,25.70694548,24.45320295
7036,806,TAB2AR,43.4,28.5,4,0,3,27.0349294,25.46053768,24.2188126
6020,1415,TAB2AR,83.7,35.5,4,0,4,34.89518996,32.86305229,31.26030232
6531,1114,TAB2AR,38.8,16.9,2,1,2,25.60006983,24.10923783,22.93341642
203946,1222,TAB2AR,31.6,17.2,4,1,3,22.96698385,21.62949083,20.57460812
5892,1504,TAB2AR,51.5,18.5,4,1,3,29.19679614,27.4965071,26.15548662
7230,712,TAB2AR,43.8,18.7,2,1,3,27.15194008,25.57073419,24.32363477
84,4912,TAB2AR,34.5,20.1,4,1,3,24.09130298,22.68833471,21.58181157
7912,308,TAB2AR,35.4,20.3,4,1,3,24.42193625,22.9997134,21.87800414
4083,2620,TAB2AR,41,21.1,4,1,3,26.3075184,24.7754878,23.567173
5670,1611,TAB2AR,33.3,21.7,4,1,3,23.63729751,22.26076846,21.17509798
2334,3612,TAB2AR,57.4,21.9,4,1,3,30.53591402,28.75764082,27.35511413
7390,612,TAB2AR,50.9,22.1,4,1,3,29.0504356,27.35866994,26.02437186
239513,524,TAB2AR,32.9,23.5,4,1,3,23.48250311,22.11498859,21.03642787
7320,601,TAB2AR,43.1,24.1,4,1,3,26.94639982,25.37716366,24.13950478
2916,3304,TAB2AR,68.5,24.4,4,1,3,32.64477592,30.74369217,29.24430461
6758,1015,TAB2AR,60.3,25.9,4,1,3,31.13393384,29.32083468,27.8908407
7440,619,TAB2AR,44.8,16.9,4,2,2,27.43942874,25.84148081,24.58117691
158103,2118,TAB2AR,34.8,20.8,4,2,3,24.20243494,22.79299485,21.68136738
6779,1019,TAB2AR,57,21.3,4,2,3,30.450497,28.6771981,27.27859465
214181,1020,TAB2AR,57.2,23.7,4,2,3,30.49329726,28.71750587,27.31693658
180138,1600,TAB2AR,23.7,16.3,4,2,3,19.36266694,18.235073,17.345738
3452,3021,TAB2AR,39.8,18.4,4,2,3,25.92668089,24.41682854,23.22600576
4904,2108,TAB2AR,38.1,19.4,2,2,3,25.36625051,23.88903508,22.72395309
7177,720,TAB2AR,40.4,19.9,4,2,3,26.11858189,24.59755409,23.39791722
6789,1020,TAB2AR,50.8,19.9,3,2,3,29.02584581,27.33551214,26.00234348
7820,323,TAB2AR,51,20.1,4,2,3,29.07496898,27.3817746,26.04634969
4140,2520,TAB2AR,47.8,21,3,2,3,28.26093056,26.61514209,25.31710629
4217,2508,TAB2AR,43.3,22.4,4,2,3,27.00549347,25.43281597,24.19244289
214063,1020,TACHVE,29,21.3,4,0,4,21.87526688,20.60135051,19.59661079
212886,1014,TACHVE,47.8,30.1,4,0,3,28.26093056,26.61514209,25.31710629
66360,3807,TACHVE,84.2,33.5,4,0,4,34.95947798,32.92359647,31.31789372
146382,2308,TACHVE,87.4,34.4,4,0,4,35.35847692,33.29935953,31.6753306
8357,100,TACHVE,98,37.1,4,0,4,36.54281277,34.41472503,32.73629908
144491,2423,TACHVE,48.3,26.4,4,1,4,28.39218602,26.73875382,25.43468941
2600,3403,TACHVE,91.5,38.4,4,1,4,35.8401593,33.75299091,32.10683812
112468,2912,TACHVE,21,19,4,2,2,17.9086379,16.86572002,16.04316915
228557,719,TACHVE,42.4,23.1,4,2,3,26.73721407,25.18015994,23.95210905
104784,3124,TACHVE,46.7,24.2,4,2,3,27.96660286,26.3379547,25.05343749
172362,1816,TACHVE,70.7,29.1,4,2,4,33.01044636,31.08806762,29.57188467
152868,2218,TACHVE,62.9,29.4,4,2,4,31.64020565,29.79762352,28.34437627
147736,2317,TERMAM,44.8,32.7,4,0,4,27.43942874,25.84148081,24.58117691
6173,1313,TERMAM,80,31.1,4,2,4,34.40208513,32.39866365,30.81856218
141788,2409,TERMOB,30.8,20.8,4,0,3,22.63994726,21.32149937,20.28163758
230,4811,TERMOB,43.2,32.3,4,0,4,26.9759837,25.40502471,24.16600704
272,4817,TERMOB,48.5,38.7,4,0,4,28.44425473,26.78779029,25.48133434
274,4817,TERMOB,61.5,38.9,4,0,5,31.37096248,29.54405984,28.10317904
3247,3107,TERMOB,57.5,29.6,2,2,4,30.55715394,28.77764383,27.37414158
1722,4021,TET2PA,57.3,27.3,4,0,4,30.5146285,28.73759488,27.33604584
4671,2206,TET2PA,52.4,29.7,4,0,3,29.41261715,27.69975968,26.34882646
796,4506,TET2PA,57.9,32.5,4,0,3,30.64166067,28.85722927,27.44984559
2270,3603,TET2PA,49.4,34.5,4,0,4,28.67555502,27.0056207,25.68854104
176109,1707,TET2PA,21.1,14.9,4,1,3,17.96485581,16.91866405,16.09353107
4728,2216,TET2PA,42.2,20.2,4,1,3,26.67676377,25.12322999,23.89795561
5261,1901,TET2PA,41.6,24.8,4,1,3,26.49355737,24.9506927,23.73383306
877,4407,TET2PA,43.5,26.9,4,1,3,27.06429175,25.4881901,24.2451164
5987,1410,TET2PA,48.4,27.5,4,1,3,28.41825112,26.76330101,25.45803942
4537,2314,TET2PA,37,25.2,4,1,3,24.98986078,23.53456458,22.38677032
5322,1808,TET2PA,46.9,26.9,4,1,3,28.02069563,26.38889735,25.10189564
228511,719,TET2PA,40.6,28.9,4,1,4,26.18188677,24.65717238,23.45462789
5327,1810,TET2PA,56.5,31.9,3,1,3,30.34268577,28.57566532,27.18201367
5223,1907,TET2PA,76.4,35.4,4,1,4,33.89089302,31.91724106,30.36061884
197245,1304,TET2PA,26.2,20.5,4,2,3,20.59981545,19.40017559,18.45401786
142,4903,TET2PA,55,22.9,4,2,3,30.01213868,28.26436779,26.88589831
142883,2415,TET2PA,39.7,23.4,4,2,3,25.89440437,24.38643165,23.19709135
238551,519,TET2PA,38.3,25.5,4,2,3,25.43350084,23.95236906,22.78419824
291,4820,TET2PA,55.9,26.9,4,2,4,30.21176248,28.4523664,27.06472812
7401,613,TET2PA,26.2,15.9,3,2,3,20.59981545,19.40017559,18.45401786
5525,1710,TET2PA,44.7,21.9,4,2,3,27.41099865,25.81470636,24.55570827
6185,1311,TET2PA,46.3,23.1,4,2,4,27.85763203,26.23532984,24.9558177
5053,2016,TET2PA,37.6,23.3,4,2,3,25.1965432,23.72921075,22.57192349
7066,812,TET2PA,39.3,23.7,3,2,3,25.76444915,24.26404444,23.08067303
287,4820,TET2PA,42.3,23.7,4,2,3,26.70702724,25.15173105,23.92506665
7233,712,TET2PA,49.3,24.3,4,2,4,28.65009533,26.98164367,25.66573338
444,4704,TET2PA,40.4,26.7,4,2,4,26.11858189,24.59755409,23.39791722
6190,1310,TET2PA,57.4,28.3,4,2,3,30.53591402,28.75764082,27.35511413
4870,2115,TET2PA,50.2,28.4,4,2,3,28.87711131,27.19543926,25.86910204
268441,323,TRATAS,25.4,14.9,2,0,2,20.21458135,19.03737578,18.10891201
515114,1505,TRATAS,28.3,20.7,4,0,3,21.56657608,20.31063646,19.32007503
5159,1918,TRATAS,40.6,26.1,4,0,5,26.18188677,24.65717238,23.45462789
14900,4924,TRATAS,49,27.7,4,0,3,28.57335784,26.90937502,25.59698931
2268,3602,TRATAS,84.7,34.5,4,2,5,35.02322874,32.98363467,31.37500383
6784,1020,TRATAS,43.5,21.4,3,2,4,27.06429175,25.4881901,24.2451164
802484,223,TREMIN,21.3,11.8,4,1,2,18.07672467,17.02401818,16.19374701
802380,222,TREMMI,24.8,22.2,4,0,4,19.91918767,18.75918449,17.84428827
705395,524,TREMMI,31,20.3,4,1,3,22.72242498,21.39917397,20.35552394
144637,2424,TRI2PA,20.8,15,4,1,2,17.79563053,16.75929369,15.94193329
195876,1324,TRI2PA,24.5,11.5,4,1,2,19.76935685,18.61807913,17.7100647
16852,4210,TRI2TU,21.9,16.1,4,0,3,18.40786091,17.33587055,16.49039016
191898,1410,TRI2TU,24.5,19.1,4,0,2,19.76935685,18.61807913,17.7100647
75695,3604,TRI2TU,21.6,19.9,4,0,2,18.24312424,17.18072739,16.34281343
17999,4214,TRI2TU,23,20.7,4,0,2,18.99804944,17.89168917,17.01910119
235346,502,TRI2TU,26.2,21.5,4,0,3,20.59981545,19.40017559,18.45401786
76571,3609,TRI2TU,25.8,21.7,4,0,3,20.40841163,19.21991826,18.28255179
75482,3603,TRI2TU,26.4,22.9,4,0,3,20.6946212,19.48946029,18.53894809
6753,1015,TRI2TU,28.3,23.1,4,0,2,21.56657608,20.31063646,19.32007503
82137,3512,TRI2TU,26.9,24.2,4,0,4,20.92906501,19.71025115,18.74897086
5989,1410,TRI2TU,30.7,24.5,4,0,3,22.59852644,21.28249071,20.24453139
93,4911,TRI2TU,42.4,25.2,4,0,3,26.73721407,25.18015994,23.95210905
1773,3921,TRI2TU,41.2,25.5,4,0,3,26.36985009,24.83418957,23.62301185
4386,2414,TRI2TU,40.2,26.1,3,0,3,26.05494764,24.53762562,23.34091149
7498,520,TRI2TU,40.3,26.7,4,0,3,26.0868061,24.56762878,23.36945138
1783,3920,TRI2TU,45.7,27.1,4,0,4,27.6921843,26.07951703,24.80760397
2170,3711,TRI2TU,60.7,27.1,4,0,4,31.21359872,29.39586024,27.96220722
2006,3814,TRI2TU,42.5,27.3,4,0,3,26.76732455,25.20851692,23.97908304
6744,1014,TRI2TU,46.7,27.5,4,0,3,27.96660286,26.3379547,25.05343749
213134,1015,TRI2TU,44,27.7,4,0,4,27.21000937,25.62542178,24.37565522
1030,4320,TRI2TU,42.3,28,4,0,4,26.70702724,25.15173105,23.92506665
213119,1015,TRI2TU,28.2,28.3,4,0,3,21.52194019,20.26859997,19.28008868
5219,1907,TRI2TU,44.2,29.3,4,0,3,27.26779079,25.67983828,24.42741779
3413,3016,TRI2TU,45.5,29.4,4,0,3,27.63649633,26.02707208,24.7577168
6533,1114,TRI2TU,30.7,16.9,4,1,2,22.59852644,21.28249071,20.24453139
1876,3906,TRI2TU,24.3,19.7,4,1,3,19.66866573,18.5232518,17.61986215
4604,2303,TRI2TU,28.7,20.4,4,1,2,21.7437707,20.47751207,19.47881202
91090,3304,TRI2TU,24.9,20.6,4,1,3,19.9688127,18.80591958,17.88874406
7182,719,TRI2TU,37.6,20.9,4,1,4,25.1965432,23.72921075,22.57192349
5217,1908,TRI2TU,30.4,21.6,4,1,2,22.47352982,21.16477333,20.13255515
6751,1015,TRI2TU,32.7,22.3,4,1,3,23.40444096,22.04147242,20.96649713
8040,208,TRI2TU,37.9,22.7,4,1,3,25.29864012,23.82536201,22.66338539
218826,920,TRI2TU,30.7,23.1,3,1,3,22.59852644,21.28249071,20.24453139
104880,3124,TRI2TU,40.6,24.8,4,1,3,26.18188677,24.65717238,23.45462789
6006,1413,TRI2TU,36.1,26.5,4,1,3,24.67346533,23.23659457,22.10333248
7598,506,TRI2TU,39.8,27.3,4,1,4,25.92668089,24.41682854,23.22600576
7295,701,TRI2TU,42.2,27.5,4,1,4,26.67676377,25.12322999,23.89795561
5332,1811,TRI2TU,39,28.3,4,1,3,25.66608194,24.17140569,22.99255232
5198,1912,TRI2TU,59.5,29.2,4,1,3,30.97259733,29.16889368,27.74630995
1005,4323,TRI2TU,52.9,29.9,4,1,4,29.53063165,27.81090155,26.45454787
7398,613,TRI2TU,63.5,30,4,1,4,31.75326878,29.90410236,28.44566208
2139,3717,TRI2TU,38.4,33.1,4,1,3,25.46699187,23.98390972,22.81420064
96434,3207,TRI2TU,25.2,17.8,4,1,3,20.11674228,18.94523441,18.02126443
167660,1919,TRI2TU,29.2,19.1,4,1,3,21.96227319,20.68328997,19.67455401
8517,21,TRI2TU,40.2,23.2,4,1,3,26.05494764,24.53762562,23.34091149
831,4500,TRI2TU,50.4,26.9,4,1,4,28.92691852,27.24234593,25.91372104
6172,1313,TRI2TU,43,27.5,3,1,4,26.91674154,25.34923254,24.11293588
99492,3223,TRI2TU,33.2,16.7,4,2,4,23.59876399,22.22447896,21.14057833
165213,1901,TRI2TU,28.1,21.4,4,2,3,21.47716821,20.2264353,19.23998041
7660,402,TRI2TU,42.2,21.8,3,2,3,26.67676377,25.12322999,23.89795561
117371,2813,TRI2TU,23.4,22.2,4,2,2,19.20742123,18.08886809,17.20666359
4867,2116,TRI2TU,36.8,24.3,4,2,3,24.92021849,23.46897794,22.32438238
1964,3806,TRI2TU,33.9,25.1,4,2,3,23.86621927,22.47635886,21.3801739
181738,1608,TRI2TU,44.8,25.7,4,2,4,27.43942874,25.84148081,24.58117691
6007,1413,TRI2TU,22.7,13.1,2,2,2,18.83920912,17.74209899,16.87680661
109477,3023,TRI2TU,21.1,14.6,4,2,3,17.96485581,16.91866405,16.09353107
122634,2715,TRI2TU,23.8,19,4,2,2,19.41408012,18.28349211,17.39179568
77018,3612,TRI2TU,21.5,19.1,4,2,4,18.18784367,17.12866611,16.29329121
63996,3920,TRI2TU,23.8,19.1,4,2,3,19.41408012,18.28349211,17.39179568
790,4506,TRI2TU,28.5,19.2,4,2,3,21.65544198,20.39432722,19.39968414
64001,3920,TRI2TU,24.5,19.5,3,2,3,19.76935685,18.61807913,17.7100647
2504,3512,TRI2TU,25.4,19.8,2,2,2,20.21458135,19.03737578,18.10891201
683,4520,TRI2TU,27,19.9,4,2,2,20.9755184,19.7539993,18.79058539
233449,619,TRI2TU,28.1,20.5,4,2,3,21.47716821,20.2264353,19.23998041
5154,1919,TRI2TU,38.4,22.3,4,2,3,25.46699187,23.98390972,22.81420064
8155,222,TRI2TU,38.6,22.3,4,2,3,25.53370739,24.04674003,22.87396668
6850,920,TRI2TU,41.2,22.7,4,2,4,26.36985009,24.83418957,23.62301185
3440,3020,TRI2TU,40,22.8,4,2,3,25.9909815,24.47738457,23.28360843
2144,3716,TRI2TU,43,23.1,2,2,3,26.91674154,25.34923254,24.11293588
4833,2120,TRI2TU,58,28.4,4,2,3,30.66267482,28.87701965,27.46867078
211619,1008,TRIPCU,21.2,25.3,4,0,3,18.02088443,16.97142982,16.14372342
66119,3806,TRIPCU,23.7,25.5,4,0,3,19.36266694,18.235073,17.345738
2526,3509,TRIPCU,28.1,19,4,1,2,21.47716821,20.2264353,19.23998041
4847,2119,TURPOC,25.3,15.2,4,1,2,20.16573941,18.99137817,18.06515772
4007,2608,TURPOC,27.3,13.2,3,2,3,21.11401953,19.88443476,18.91465943
279523,1423,TURPOC,29,13.5,4,2,2,21.87526688,20.60135051,19.59661079
61231,3907,UNONPI,21.3,20.7,4,0,3,18.07672467,17.02401818,16.19374701
680,4520,UNONPI,22.5,18.7,4,2,2,18.7324406,17.64154818,16.78115972
7506,520,VIROSE,23.1,15.7,1,0,2,19.05064953,17.94122607,17.06622215
92519,3312,VIROSE,22.9,19.4,4,0,2,18.94527655,17.84198954,16.97182544
1032,4320,VIROSE,25.5,20.7,4,0,3,20.26326885,19.08322793,18.15252792
26173,4606,VIROSE,31.9,22.5,4,0,4,23.08767159,21.74315026,20.68272431
225889,705,VIROSE,36.1,23.1,4,0,4,24.67346533,23.23659457,22.10333248
2507,3512,VIROSE,32,24.4,4,0,5,23.12766835,21.7808178,20.71855478
1083,4314,VIROSE,30.5,27.3,4,0,4,22.51531824,21.20412818,20.16999065
448749,4824,VIROSE,47.2,33.3,4,0,4,28.10134917,26.464854,25.17414784
7570,509,VIROSE,36.9,22.5,3,1,3,24.95508683,23.5018157,22.35561863
34140,4520,VIROSE,23.5,22.7,4,1,2,19.25933829,18.13776174,17.25317266
153697,2223,VIROSE,29.4,18.8,4,1,3,22.04875862,20.76473888,19.75203061
263675,21,VIROSE,24.5,20.6,4,1,3,19.76935685,18.61807913,17.7100647
5598,1700,VIROSE,29.7,16.8,4,2,3,22.17752005,20.88600182,19.8673795
158334,2119,VIROSE,28.1,21.1,4,2,2,21.47716821,20.2264353,19.23998041
57083,4021,VIROSE,22.4,19.9,4,2,3,18.67879133,17.5910232,16.73309888
43966,2912,VIROSE,30.3,20.4,4,2,2,22.4316178,21.12530208,20.09500894
2328,3612,VIROSE,32.4,20.5,4,2,4,23.28650604,21.9304055,20.860847
3859,2716,VIROSE,27.5,22.4,3,2,2,21.20564418,19.9707236,18.99673992
4079,2620,VIROSP,43.9,34.8,4,0,4,27.18101084,25.598112,24.34967734
39,4917,VIROSU,49.3,24.9,1,0,3,28.65009533,26.98164367,25.66573338
2527,3509,VIROSU,60,25,4,0,3,31.07374846,29.26415423,27.83692458
27972,4616,VIROSU,50.4,25.9,4,0,5,28.92691852,27.24234593,25.91372104
43022,4319,VIROSU,45.3,30.8,4,0,4,27.58053577,25.97437041,24.70758541
7665,403,VIROSU,44.5,31.3,4,0,4,27.35392776,25.76095902,24.50458222
8527,23,VIROSU,78.4,33.1,4,0,4,34.17889055,32.18846692,30.61861686
6896,912,VIROSU,55.3,34.1,4,0,4,30.0791174,28.32744597,26.94590012
42267,4314,VIROSU,55.5,35.5,4,0,4,30.1235258,28.36926822,26.98568269
588,4616,VIROSU,72.8,36,4,0,5,33.34562323,31.40372531,29.87214755
4078,2620,VIROSU,66,37.9,4,0,4,32.209995,30.33423092,28.85481302
740,4512,VIROSU,92.3,39.7,4,0,5,35.93052196,33.83809126,32.18778807
4308,2402,VIROSU,85.2,40.4,4,0,4,35.08644887,33.04317315,31.43163858
5095,2022,VIROSU,100.9,41,3,0,5,36.83455545,34.68947793,32.99765213
173469,1822,VIROSU,39,25.1,4,1,3,25.66608194,24.17140569,22.99255232
1330,4220,VIROSU,66.4,34,4,1,4,32.28099322,30.40109453,28.91841565
5894,1504,VIROSU,45.3,27.5,3,2,4,27.58053577,25.97437041,24.70758541
182549,1612,VOCHFE,24.7,18,4,0,3,19.86940385,18.71229985,17.79969022
125725,4904,VOCHFE,45.3,20.4,4,0,3,27.58053577,25.97437041,24.70758541
198534,1311,VOCHFE,54,28.5,4,0,5,29.78565118,28.05106989,26.68300307
704470,424,ZANTBE,24.8,20.3,4,0,3,19.91918767,18.75918449,17.84428827
268197,309,ZANTBE,21.6,23.1,4,0,3,18.24312424,17.18072739,16.34281343
273116,805,ZANTBE,23.4,24.7,4,0,3,19.20742123,18.08886809,17.20666359
257908,116,ZANTBE,60.6,25.6,4,0,5,31.1937445,29.37716224,27.94442113
446315,4609,ZANTBE,40.5,26.1,4,0,4,26.15027534,24.62740186,23.4263093
446326,4609,ZANTBE,46.2,26.1,4,0,4,27.83022435,26.20951826,24.93126497
195512,1323,ZANTBE,42.9,26.7,4,0,4,26.88700859,25.3212311,24.08630009
239474,524,ZANTBE,40.5,28.1,4,0,4,26.15027534,24.62740186,23.4263093
239534,524,ZANTBE,45.8,28.1,4,0,4,27.71992666,26.10564381,24.83245653
220889,805,ZANTBE,47.7,28.3,4,0,4,28.23449195,26.59024314,25.29342168
4089,2621,ZANTBE,45,28.8,4,0,3,27.49607948,25.89483246,24.63192658
195568,1323,ZANTBE,35.5,28.9,4,0,4,24.45816651,23.03383378,21.91046045
444217,4404,ZANTBE,41.5,28.9,4,0,4,26.46274931,24.92167876,23.70623415
155462,2103,ZANTBE,60.9,29.5,4,0,4,31.2531839,29.43314016,27.99766897
7318,601,ZANTBE,61.9,29.6,4,0,4,31.44867726,29.61724887,28.1727986
233400,619,ZANTBE,48.2,30.1,4,0,4,28.36605921,26.71414852,25.41128412
239470,524,ZANTBE,40.2,31.1,4,0,4,26.05494764,24.53762562,23.34091149
268199,309,ZANTBE,52.1,31.7,4,0,4,29.34116614,27.63246964,26.2848182
38921,4422,ZANTBE,55.9,31.1,4,1,4,30.21176248,28.4523664,27.06472812
238573,519,ZANTBE,48.2,21.3,4,2,4,28.36605921,26.71414852,25.41128412
268164,309,ZANTBE,33.4,28.5,4,2,3,23.67572174,22.29695504,21.20951971
633201,3315,ZANTBE,28.5,22.2,4,2,4,21.65544198,20.39432722,19.39968414
155648,2104,ZANTBE,49.2,25,4,2,4,28.62457605,26.95761051,25.64287233
983,4423,ZANTBE,49,28.7,4,2,4,28.57335784,26.90937502,25.59698931
295666,3021,ZANTP1,44.3,25.6,4,0,4,27.29657421,25.70694548,24.45320295
258058,116,ZANTP1,37.3,28.1,4,0,4,25.09362004,23.63228137,22.47972141
7802,424,ZANTP1,52,29.2,4,0,4,29.317241,27.6099378,26.26338524
232175,612,ZANTP1,44.8,30.3,4,0,4,27.43942874,25.84148081,24.58117691
236864,511,ZANTP1,38.5,30.7,4,0,4,25.50039394,24.0153666,22.84412335
