Tag,q20,Species,DBH_cm,Height,CC,Lianas,Illumination
114732,2923,ADE1TR,21.4,9.8,4,1,2
114807,2923,ADE1TR,22.5,11.8,4,2,2
296262,3106,ALCHCO,21.2,15.2,4,4,3
257770,115,ALCHCO,20.9,15.5,2,2,2
257824,115,ALCHCO,22.4,16,3,4,3
257848,115,ALCHCO,29.6,16.7,4,2,3
257818,115,ALCHCO,21.3,16.9,2,1,3
128230,4917,ALCHCO,28.5,16.9,4,4,3
5231,1905,ALCHCO,23.7,17.3,4,0,3
252921,215,ALCHCO,29.8,17.3,1,4,2
252898,215,ALCHCO,33.5,17.5,4,3,4
2358,3617,ALCHCO,41.2,20.2,4,3,4
1086,4312,ALCHCO,43.1,22.1,4,0,3
4934,2102,ALCHCO,81.9,31.6,3,1,3
99474,3223,ALSEBL,22.5,13.2,4,1,2
2689,3416,ALSEBL,25.6,16,2,2,3
3492,2923,ALSEBL,30.5,16.4,1,2,4
7227,713,ALSEBL,40.9,17.5,3,4,3
172153,1815,ALSEBL,22.6,17.6,4,4,3
259254,124,ALSEBL,24.3,17.8,4,1,3
3145,3123,ALSEBL,39.1,17.9,4,4,3
2681,3414,ALSEBL,49.5,18,4,2,3
165952,1906,ALSEBL,22,19.7,4,0,3
240553,402,ALSEBL,23.9,19.7,4,0,2
5316,1807,ALSEBL,44.8,20,3,4,3
820,4501,ALSEBL,37.5,20.1,4,4,3
8076,212,ALSEBL,42.2,20.1,4,3,3
4871,2115,ALSEBL,27,20.2,4,1,2
242466,412,ALSEBL,24.5,20.3,2,4,4
2528,3509,ALSEBL,40.1,20.8,3,2,3
181662,1608,ALSEBL,25,20.9,3,1,2
25227,4601,ALSEBL,26.2,20.9,4,0,4
7764,419,ALSEBL,54.3,20.9,3,4,3
7799,423,ALSEBL,32.9,21.1,4,4,3
3120,3224,ALSEBL,38.1,21.2,4,4,3
7717,411,ALSEBL,48.4,21.7,4,1,3
2354,3616,ALSEBL,61,21.9,3,4,4
4469,2322,ALSEBL,26.5,22.1,4,2,3
165783,1905,ALSEBL,34,22.1,4,0,3
2470,3516,ALSEBL,37.7,22.2,3,4,3
7914,308,ALSEBL,42.2,22.3,4,2,4
5540,1708,ALSEBL,48.4,22.9,3,3,3
7625,502,ALSEBL,62.7,22.9,4,0,3
5257,1902,ALSEBL,42.2,23.1,4,4,3
47,4917,ALSEBL,44.2,23.1,2,4,3
6561,1107,ALSEBL,41.1,23.3,4,1,3
5891,1504,ALSEBL,42.1,23.3,4,0,3
2275,3604,ALSEBL,53.5,23.7,3,1,2
5956,1406,ALSEBL,54,24.1,4,3,5
4538,2314,ALSEBL,46.6,24.8,4,2,3
7577,508,ALSEBL,31.7,24.9,4,4,3
122629,2715,ALSEBL,24.7,25.2,3,0,3
4831,2120,ALSEBL,49.5,25.2,4,4,3
1111,4310,ALSEBL,38.2,25.3,4,0,3
3415,3016,ALSEBL,30.4,25.6,4,0,3
2467,3517,ALSEBL,51.8,26.4,4,0,4
1034,4320,ALSEBL,45.7,26.5,4,0,3
2326,3612,ALSEBL,58,27.1,4,0,3
513,4604,ALSEBL,41.4,27.5,4,0,4
4528,2316,ALSEBL,49.3,29.2,4,1,3
1283,4215,ALSEBL,69.6,29.3,4,0,3
359,4717,ALSEBL,48,29.5,4,2,4
6745,1014,ALSEBL,68,30.5,4,0,3
779,4507,ALSEBL,55,30.9,4,0,3
2933,3301,ALSEBL,91.5,32.4,4,0,4
1082,4314,ALSEBL,45.9,34.1,4,3,4
22,4921,ANACEX,179.5,31.3,4,4,4
87,4911,ANACEX,95.6,32.7,4,3,4
2425,3523,ANACEX,107.1,34.6,4,2,4
6259,1300,ANACEX,143.8,36.1,4,4,4
4955,2100,ANACEX,149,36.2,4,1,5
1164,4301,ANACEX,145.2,37.1,3,4,3
4717,2215,ANACEX,110.4,37.3,4,2,4
17,4921,ANACEX,173.5,37.9,4,3,4
5678,1613,ANACEX,187.4,37.9,4,1,4
5197,1912,ANACEX,184.3,38.6,4,0,4
379,4714,ANACEX,226.6,39.7,4,1,5
3721,2811,ANACEX,131.2,40,4,0,4
1152,4302,ANACEX,120.8,40.3,4,2,4
3870,2714,ANACEX,113,40.4,4,0,4
4306,2402,ANACEX,125.7,40.5,4,0,4
556,4612,ANACEX,86.3,41.7,4,0,4
8162,222,ANDIIN,44.1,28.2,4,0,4
5362,1816,APEIME,36,16.1,4,4,3
82615,3516,APEIME,23.9,16.4,3,4,3
7576,508,APEIME,36.2,17.4,4,3,3
180862,1604,APEIME,27.8,18.1,2,3,3
2846,3314,APEIME,44.6,23,4,4,4
8213,120,APEIME,37.7,23.1,4,4,3
4586,2306,APEIME,43.5,23.8,4,4,3
156272,2107,APEIME,49.2,23.8,4,0,3
3141,3123,APEIME,78.4,24.1,2,4,4
7343,605,APEIME,49.7,24.3,4,1,3
2133,3717,APEIME,47.8,24.5,4,4,4
4743,2218,APEIME,49.4,24.6,4,2,4
7365,609,APEIME,85.1,26.5,3,3,3
1581,4003,APEIME,82.8,27.1,2,4,4
8048,209,APEIME,56.6,29.3,4,3,4
1135,4306,APEIME,72,29.5,4,2,4
1119,4309,APEIME,52.5,30.1,3,0,3
5232,1905,APEIME,69.2,30.1,3,1,4
1438,4114,APEIME,73.3,30.2,4,1,3
1031,4320,APEIME,59.2,30.3,4,0,4
269,4817,APEIME,100.6,30.9,4,1,4
4465,2323,APEIME,73.4,31.4,4,0,4
3475,3024,APEIME,84.5,32.2,4,3,4
3889,2711,APEIME,114.7,32.4,3,3,4
8074,212,APEIME,89.6,32.5,4,0,4
2888,3308,APEIME,85.7,32.7,4,2,4
7082,815,APEIME,88.1,32.7,4,0,4
3206,3113,APEIME,93.2,33.8,4,1,4
103259,3116,ASPICR,24.7,24.1,4,1,3
428,4707,ASPICR,85.3,30.7,4,4,4
8205,121,ASPICR,62.4,31.8,4,1,4
2309,3609,ASPICR,99,32.9,4,0,5
1796,3918,ASPICR,91,35.7,4,2,4
1045,4318,ASPICR,61.7,37.1,4,0,4
5869,1508,ASPICR,78.5,37.7,4,0,4
2178,3710,ASPICR,101.1,38.5,3,0,4
4825,2121,ASPICR,77,38.9,4,4,3
918,4412,ASPICR,69.3,40.7,4,0,4
4787,2222,ASPICR,108,41.8,4,0,5
1493,4108,ASPICR,93.8,42.8,4,0,5
2560,3503,ASPICR,112.2,43.8,4,1,5
7234,712,AST2GR,47,31.1,2,3,4
7663,403,AST2GR,42.5,35.7,4,0,4
7391,612,AST2GR,60,36.3,4,0,4
4901,2108,AST2GR,49.7,37.4,4,0,4
5221,1907,AST2GR,84.1,39.9,4,1,5
1328,4220,BEILPE,22.5,20.5,4,0,2
56972,4020,BEILPE,28.5,23.4,4,4,3
1392,4120,BEILPE,28.7,25.1,4,0,2
28496,4617,BEILPE,35.9,25.2,4,0,4
16865,4210,BEILPE,25.7,26.3,4,3,3
1388,4121,BEILPE,43.6,27.1,4,0,3
7067,812,BEILPE,53.2,27.5,3,3,4
58825,4023,BEILPE,29.7,27.9,4,2,3
2496,3513,BEILPE,48.9,28.6,4,0,4
1345,4221,BEILPE,40.6,28.7,4,0,3
4744,2218,BEILPE,45.5,28.8,4,4,3
20,4921,BEILPE,59.9,29,2,0,3
1347,4221,BEILPE,34.7,29.3,4,0,3
13135,523,BEILPE,42.2,29.3,4,0,3
868,4405,BEILPE,34,29.7,4,4,3
7826,322,BEILPE,71.2,29.7,4,0,4
43196,4320,BEILPE,35.6,29.9,4,0,4
25,4921,BEILPE,34,30.5,4,1,3
7222,713,BEILPE,53.1,30.7,4,0,3
7330,503,BEILPE,58.7,30.7,4,0,4
1776,3921,BEILPE,47,31.7,3,4,4
1016,4322,BEILPE,41.2,32.7,4,0,4
4085,2620,BEILPE,56.2,33.2,4,0,4
1265,4212,BEILPE,53.4,34,4,0,4
3644,2800,BEILPE,85,34.2,3,3,4
620,4621,BEILPE,65.9,34.3,4,0,4
7153,724,BEILPE,84.3,36.3,4,0,4
1745,4023,BEILPE,48,36.7,4,0,4
1747,4024,BEILPE,67.1,37.9,4,0,4
1739,4023,BEILPE,73.5,38.5,4,1,4
800,4505,BROSAL,47.3,22.1,2,1,4
2173,3711,BROSAL,62.5,31.1,4,0,4
6171,1313,BROSAL,61.3,33.3,4,4,4
4609,2302,BROSAL,43.3,33.6,2,0,3
13136,523,BROSAL,78.3,33.7,4,0,4
50,4916,BROSAL,77.1,34.7,4,4,4
4903,2108,BROSAL,75.3,34.8,4,0,4
6193,1310,BROSAL,66.5,34.9,4,0,5
4471,2322,BROSAL,72.7,35.7,3,3,4
6704,1006,BROSAL,114.2,37.5,4,0,5
2278,3604,BROSAL,67.1,37.7,4,0,4
4156,2518,BROSAL,104.8,38.3,4,0,4
7086,816,BROSAL,111,38.9,4,0,4
4524,2316,BROSAL,98.7,39.4,4,0,5
7621,502,BROSAL,77.8,39.7,4,0,4
4673,2206,BROSAL,76.6,40.3,4,3,4
3681,2805,BROSAL,89.5,40.4,4,0,4
226,4810,BROSAL,91.9,40.4,4,1,5
4274,2501,BROSAL,107.8,40.6,4,3,4
2347,3614,BROSAL,83.5,42.3,4,0,5
1730,4022,BROSAL,110.5,43.3,4,0,5
8,4923,BROSAL,118.6,43.5,4,0,5
25032,4600,CALOLO,30.5,17.4,4,2,2
7341,605,CALOLO,57.7,24.9,1,4,4
7369,609,CALOLO,54.8,29.9,4,2,4
191,4803,CALOLO,78.7,32.1,4,0,4
6163,1315,CALOLO,75.6,34.5,4,2,4
3994,2605,CALOLO,88.3,36.4,4,1,5
7246,710,CALOLO,94.5,36.7,4,2,4
949,4417,CALOLO,68.5,40.9,4,0,4
7797,423,CASEAR,50.2,28.5,4,0,4
147565,2316,CASESY,21.2,13.4,4,4,2
198772,1313,CASSEL,21.8,18.1,4,1,2
61292,3907,CASSEL,27.5,20.1,4,0,3
1980,3810,CASSEL,32.9,23.1,4,3,3
2741,3422,CAVAPL,138.7,31.8,4,0,5
120,4906,CAVAPL,160.1,34.7,3,1,5
2016,3816,CAVAPL,124.4,36.3,4,0,5
427,4707,CAVAPL,139.9,36.3,4,0,5
3603,2906,CAVAPL,136.8,39.8,4,0,4
3008,3208,CAVAPL,162.7,39.8,4,0,4
3661,2803,CAVAPL,133,40,4,0,5
1091,4312,CAVAPL,190,41.5,4,0,5
3628,2903,CAVAPL,216.2,43,4,0,5
2948,3201,CAVAPL,231.3,44,4,0,5
3654,2801,CAVAPL,210,45.8,4,0,4
719030,1901,CECRIN,20,19.5,4,0,3
633185,3315,CECRIN,25.7,21.4,4,0,4
259246,124,CECRIN,22.2,21.6,4,0,3
719121,1902,CECRIN,26.5,21.7,4,0,4
721404,2117,CECRIN,28.7,21.7,4,0,4
725369,2516,CECRIN,22.2,22,4,0,3
440922,4020,CECRIN,29,22.3,4,0,3
734126,3404,CECRIN,27.4,22.5,4,0,4
133250,2620,CECRIN,28.4,22.9,4,0,3
257704,115,CECRIN,24.9,23.1,4,0,3
138650,2521,CECRIN,20.2,23.2,4,0,3
259248,124,CECRIN,27.1,23.5,4,0,3
259310,124,CECRIN,29.3,23.5,4,0,3
272347,713,CECRIN,28.1,24.1,3,0,2
405283,512,CECRIN,39.4,24.3,4,0,4
613049,1305,CECRIN,29.3,24.5,4,0,3
275527,1019,CECRIN,29.4,24.7,4,0,4
633195,3315,CECRIN,33.6,24.8,4,0,4
239708,424,CECRIN,35,25.5,2,0,3
77665,3616,CECRIN,21.3,26.3,4,0,4
719031,1901,CECRIN,26.1,27,4,0,4
8187,124,CECRIN,45.2,27.3,4,0,4
4846,2119,CECRIN,44.4,28,4,0,4
4839,2120,CECRIN,44.7,28.4,4,0,4
4088,2621,CECRIN,40.7,30.2,4,0,4
4137,2521,CECRIN,31.9,30.4,4,0,4
39052,4423,CECRIN,27.9,30.5,4,0,4
7317,601,CECRIN,41.2,30.5,3,0,4
54145,4124,CECRIN,37.2,30.7,4,0,4
6089,1424,CECRIN,39.6,30.9,3,0,3
80756,3504,CECRIN,45.8,31.4,4,0,4
725352,2516,CECROB,20,22.2,4,0,3
719036,1901,CECROB,21.3,22.2,4,0,3
713072,1305,CECROB,21.8,23.7,4,4,4
25041,4600,CEIBPE,23.5,19.7,2,0,3
2307,3609,CEIBPE,46.1,22.8,4,0,4
4446,2424,CEIBPE,46.1,26,3,3,4
5444,1723,CEIBPE,93,32.7,4,0,5
5027,2012,CEIBPE,128.9,36,4,0,5
4722,2215,CEIBPE,97,36.9,4,0,5
3853,2717,CEIBPE,127.9,37.4,4,1,5
4694,2210,CEIBPE,169.4,39.1,4,0,5
7772,420,CEIBPE,148.2,39.9,4,0,5
4146,2519,CEIBPE,153.2,41.1,4,0,5
1993,3812,CEIBPE,216.1,41.1,4,0,5
6647,1003,CEIBPE,176.2,42.7,4,1,4
28183,4616,CHIMPA,20.6,22.3,4,0,3
176143,1707,CHR2AR,28.8,20.1,4,4,3
6847,920,CHR2AR,32.3,21.9,2,3,4
4735,2217,CHR2CA,50.7,23.6,3,3,4
4898,2109,CHR2CA,75.2,31.9,4,2,3
2673,3413,CHR2CA,100.5,34.4,4,0,4
673,4521,CHR2CA,83.9,34.6,4,0,4
4585,2306,COLUGL,45.6,35,1,4,0
257823,115,CORDAL,27.3,26.9,4,0,4
258071,116,CORDAL,37.8,28.3,4,0,4
409336,912,CORDBI,24.8,15.3,2,4,4
173632,1823,CORDBI,23.7,16.4,4,0,3
258076,116,CORDBI,26.5,16.5,4,3,2
7347,606,CORDBI,35.3,18.1,4,4,3
6781,1019,CORDBI,30.1,19.5,3,4,3
217175,912,CORDBI,21.9,20.3,4,0,3
252149,211,CORDBI,26.8,20.9,4,4,3
236664,509,CORDBI,27.2,23.3,4,0,2
4385,2414,CORDBI,30.6,26.7,4,0,3
525,4606,CORDBI,44,26.9,3,4,2
4836,2120,CORDBI,35.2,27.5,4,0,4
7302,701,CORDBI,37.8,27.5,4,1,5
180376,1601,CUPALA,27.1,15.5,4,4,3
805,4504,CUPALA,50,26.1,4,0,3
172148,1815,DENDAR,20.7,13.3,2,2,2
6749,1014,DENDAR,23.3,14.1,4,1,2
244157,420,DENDAR,27.7,14.7,3,4,1
5946,1404,DENDAR,26.6,15.1,4,3,1
4447,2424,DENDAR,31.4,16,3,3,2
4443,2423,DENDAR,28.7,17.9,4,0,2
1390,4121,DENDAR,44.3,21.5,4,0,2
1089,4313,DENDAR,78.4,30.7,4,0,4
240714,403,DIPTPA,43.8,33.5,4,0,4
6058,1420,DIPTPA,85.5,34.3,4,2,5
138502,2521,DIPTPA,49.8,35.1,4,0,4
6133,1318,DIPTPA,93.1,35.9,4,2,4
2854,3312,DIPTPA,60.5,36.2,4,1,4
7221,713,DIPTPA,74.8,39.9,4,0,4
7715,411,DIPTPA,121.2,40.5,4,0,5
7173,720,DIPTPA,109,41.4,4,0,4
3711,2810,DIPTPA,101.5,41.6,4,0,5
5440,1723,DIPTPA,93.8,41.7,3,0,5
684,4520,DIPTPA,83.2,41.9,4,0,5
1907,3901,DIPTPA,84.5,42.1,4,0,4
3875,2714,DIPTPA,78.9,42.4,4,0,4
1441,4114,DIPTPA,89.3,42.8,4,0,5
7114,819,DIPTPA,100.7,43.3,4,0,5
7927,307,DIPTPA,96.8,43.9,4,0,5
7168,721,DIPTPA,93.5,44.4,4,0,4
465,4702,DIPTPA,102.3,47.3,4,0,5
4186,2513,DIPTPA,138.3,48.4,4,0,5
1342,4221,DIPTPA,174.6,54.9,4,0,5
96221,3206,DRYPST,23.2,16.4,4,3,3
521,4605,DRYPST,23.7,16.7,4,2,2
45308,4801,DRYPST,22.4,16.9,4,1,3
129082,4923,DRYPST,26.8,18.5,4,0,3
125511,4903,DRYPST,22,18.7,4,3,3
26867,4610,DRYPST,39.5,19.9,4,1,3
17573,4212,DRYPST,22.1,20.6,4,4,3
407,4709,DRYPST,22,21.3,4,4,3
75514,3603,DRYPST,23.2,21.3,4,0,3
858,4404,DRYPST,41.6,21.3,4,2,4
1262,4212,DRYPST,41.1,24.2,4,0,4
80861,3504,DRYPST,28.2,27.2,4,1,3
157093,2114,EUGECO,25,22.4,4,4,3
5541,1708,EUGENE,31.5,15.1,2,1,3
52503,4112,EUGENE,24.7,18.8,4,0,2
1251,4210,EUGENE,35.7,19.1,1,0,3
12488,4821,EUGENE,26.5,19.5,4,0,3
7361,608,EUGENE,33.5,24.5,4,0,2
176354,1708,EUGEOE,23.8,16.1,3,1,3
141770,2409,EUGEOE,22.1,17.7,4,0,3
146461,2308,EUGEOE,29.8,17.8,4,4,3
251666,208,EUGEOE,27.6,18.9,4,3,2
197229,1304,EUGEOE,29.8,19.1,4,1,3
108402,3016,EUGEOE,30,24.8,4,0,3
2371,3618,FICUC2,99.1,28.5,2,4,4
285887,2019,FICUOB,93,32.6,4,0,4
6022,1415,FICUOB,87.9,35.5,3,3,4
6716,1009,FICUPO,177,34.3,4,4,4
4462,2323,FICUYO,71.2,32,4,2,3
108,4908,FICUYO,92.4,38.5,4,0,4
4767,2221,GAR2MA,22.3,17.5,4,4,3
198936,1315,GENIAM,29.8,17.9,4,4,3
92240,3311,GUAPST,23.8,19.4,4,1,2
7231,712,GUAPST,47.5,24.1,4,4,4
4090,2621,GUAPST,46.7,24.9,4,4,3
1816,3915,GUAPST,51.5,26.1,3,4,3
5001,2007,GUAPST,42,27.4,2,3,3
7626,502,GUAPST,72.2,27.7,3,0,4
4851,2118,GUAPST,48.5,28.2,3,0,3
5048,2015,GUAPST,51.8,29.4,4,0,3
230141,600,GUAPST,48.5,30.3,4,0,3
1878,3906,GUAPST,61.5,30.3,4,2,4
30247,4501,GUAPST,48.3,30.7,4,4,5
10799,4812,GUAPST,49.3,30.9,4,0,4
7310,700,GUAPST,52.9,32.3,4,2,4
4861,2117,GUAPST,60.7,32.5,4,1,4
2500,3513,GUAPST,77.7,35.4,4,2,4
7496,520,GUAPST,90.1,35.5,4,0,4
4590,2306,GUARGR,45,24.4,3,1,3
2660,3410,GUARGR,86.9,30.8,4,1,4
3761,2816,GUARGR,109.5,34.4,4,0,4
5002,2007,GUARGU,25,12.4,3,4,2
2690,3416,GUARGU,28.4,14.8,2,4,3
5608,1600,GUARGU,41.2,15.9,4,4,3
156491,2109,GUARGU,21.4,16.5,4,0,1
6750,1014,GUARGU,38,16.7,4,0,2
67223,3811,GUARGU,21.1,16.9,4,4,2
133,4904,GUARGU,32.5,16.9,4,0,3
1377,4123,GUARGU,30.6,17.5,3,0,1
1962,3806,GUARGU,26,17.7,4,2,2
8043,208,GUARGU,29.7,18.3,4,1,3
5042,2015,GUARGU,24.2,19,4,1,2
263687,21,GUATDU,22.5,20,3,4,2
4389,2414,GUATDU,27.4,20,4,0,2
228661,720,GUATDU,23,20.4,4,0,4
230878,605,GUATDU,35,20.7,4,2,3
235969,505,GUATDU,41.2,29.1,4,0,3
5631,1604,GUATDU,56,30.7,4,1,4
1376,4123,GUATDU,80.3,37.9,4,1,4
3601,2906,GUATDU,85.5,40.4,4,2,4
3164,3120,GUAZUL,36,17.3,2,4,3
3457,3022,GUAZUL,46.7,18.2,4,2,3
633214,3315,GUAZUL,20.1,18.4,4,0,2
103333,3116,GUAZUL,37.5,19.3,4,0,3
446320,4609,GUAZUL,20.5,19.7,4,0,2
131146,2607,GUAZUL,48.9,22.8,4,1,3
7766,419,GUAZUL,48.6,22.9,1,3,3
131222,2607,GUAZUL,28.7,23.6,4,0,4
633191,3315,GUAZUL,35.3,24,3,0,3
156635,2110,GUAZUL,26.9,24.5,2,0,3
158448,2120,GUAZUL,34.8,25.2,4,1,3
5046,2015,GUAZUL,81,26.9,3,1,3
67808,3814,GUSTSU,23,11.7,3,2,3
5607,1600,GUSTSU,29.3,13.1,3,0,2
5258,1902,GUSTSU,20.9,13.3,4,3,2
309,4824,GUSTSU,25.7,13.5,4,1,3
2697,3417,GUSTSU,25.2,13.6,4,4,2
67800,3814,GUSTSU,22.5,13.7,4,0,3
13148,3021,GUSTSU,25.6,14,4,2,3
3685,2805,GUSTSU,24.2,14.2,4,0,2
2860,3311,GUSTSU,24.3,14.5,4,2,2
99140,3221,GUSTSU,22.5,14.9,4,3,2
3106,3221,GUSTSU,29,14.9,4,4,4
803,4505,GUSTSU,23.5,15.1,4,2,2
3104,3221,GUSTSU,25.8,15.5,4,4,4
3455,3022,GUSTSU,33.5,16.4,4,3,3
128098,4917,GUSTSU,21.3,16.9,4,3,2
94029,3320,GUSTSU,23.1,17.4,4,4,3
3093,3220,GUSTSU,35.7,17.4,4,4,4
46,4917,GUSTSU,32.5,17.5,3,4,2
104694,3123,GUSTSU,21.7,17.6,4,4,3
2698,3417,GUSTSU,27.8,17.8,4,3,5
5596,1700,GUSTSU,31.2,18.2,4,3,3
3105,3221,GUSTSU,28,18.4,4,4,4
2685,3415,GUSTSU,39.5,23.2,4,3,4
704452,424,HAMPAP,26.9,20.1,4,1,3
194279,1424,HASSFL,21.9,13.5,4,4,2
101589,3107,HASSFL,24,14.6,4,4,3
141568,2408,HEISCO,25.4,13.5,4,4,3
792,4506,HEISCO,23.7,14.9,4,4,3
5651,1607,HEISCO,26,14.9,4,2,3
443,4704,HEISCO,29.4,18.9,4,0,2
8212,120,HEISCO,38.9,19,4,2,3
5318,1808,HEISCO,36.5,20.9,4,0,3
10738,4812,HIRTTR,25.7,13.1,4,2,3
30233,4501,HIRTTR,21,13.7,4,1,2
4765,2221,HIRTTR,21.7,14.3,4,1,1
36918,4412,HIRTTR,23.4,14.5,4,0,3
146744,2309,HIRTTR,21,14.6,4,4,3
136162,2507,HIRTTR,20.9,14.7,4,4,3
8534,23,HIRTTR,24.3,15.2,2,4,2
4522,2317,HIRTTR,24.8,16.2,2,0,2
2271,3603,HIRTTR,21.5,16.7,4,0,2
12294,4820,HIRTTR,22,17,4,1,2
80867,3504,HIRTTR,23.7,17,3,2,2
948,4417,HIRTTR,31.2,20,4,4,3
38247,4419,HIRTTR,21.2,20.1,4,1,2
1239,4209,HIRTTR,34.2,21.9,4,2,2
522,4605,HURACR,43.2,21.1,4,4,2
2838,3314,HURACR,56.5,23,4,4,4
2180,3709,HURACR,84.8,30.5,4,1,4
4891,2111,HURACR,108.9,30.5,4,4,4
3525,2918,HURACR,81.5,31.2,4,4,4
507,4604,HURACR,72,31.3,4,4,3
3511,2920,HURACR,87,31.6,4,4,5
403,4710,HURACR,89,31.7,4,3,5
1879,3906,HURACR,92.2,32.1,4,4,4
3868,2715,HURACR,60.5,32.2,4,3,4
102,4909,HURACR,109,32.5,4,3,4
1823,3914,HURACR,106,32.7,4,3,4
861,4404,HURACR,134,32.9,3,4,4
235,4812,HURACR,69.8,33.3,4,3,4
2645,3409,HURACR,88.7,33.4,4,1,4
6907,911,HURACR,119,33.7,4,2,4
267,4816,HURACR,74.4,33.9,4,2,4
962,4419,HURACR,108.6,34,4,4,4
7020,804,HURACR,93.4,34.3,4,3,4
1333,4220,HURACR,182,34.7,3,3,4
3863,2715,HURACR,98,35.8,4,0,4
4669,2206,HURACR,108.5,36.2,4,1,4
4203,2510,HURACR,116.5,36.6,4,1,5
5263,1900,HURACR,118.6,36.6,4,1,4
6208,1308,HURACR,123.5,36.9,4,0,4
932,4415,HURACR,122.8,37.7,4,1,5
7013,803,HURACR,87.6,38.3,4,3,4
3632,2902,HURACR,100.9,38.4,4,0,4
1507,4106,HURACR,152.2,38.5,4,3,4
2045,3820,HURACR,146.4,39.1,4,0,5
1904,3902,HURACR,218,39.4,4,0,4
4700,2211,HURACR,129.9,39.6,4,0,4
3765,2817,HURACR,156.9,39.8,4,1,4
1737,4023,HURACR,131,40.5,4,4,4
1955,3806,HURACR,152.9,41.1,4,1,5
3273,3103,HURACR,156.7,41.6,4,3,5
4052,2615,HURACR,154.2,42.6,4,0,4
1357,4223,HURACR,127.5,43.5,3,1,4
3650,2801,HURACR,130.4,43.6,4,0,4
2314,3610,HYERAL,59.3,24.3,4,1,3
4789,2223,HYERAL,49.3,25.4,4,1,3
1957,3806,HYERAL,73,26.9,4,1,4
7916,308,HYERAL,48.4,30.9,2,2,4
5202,1910,HYERAL,91.2,31.6,4,1,4
5331,1811,HYERAL,95,32.1,4,1,4
3107,3222,HYERAL,84.5,33.1,4,2,4
3971,2602,HYERAL,83.5,35.4,4,0,4
4301,2401,HYERAL,87.8,36.4,4,3,4
4043,2614,HYERAL,83,36.9,4,0,4
2920,3303,HYERAL,88.7,39.8,2,1,4
239719,424,INGAGO,20.1,13.3,4,3,2
194349,1424,INGAMA,39,21.1,4,1,3
39119,4423,INGAMA,29.5,22.1,3,1,2
446310,4609,INGAMA,35.6,23.5,4,0,4
146601,2309,INGAMA,46,25.6,3,1,3
82303,3513,INGAMA,39.9,25.8,4,0,5
167114,1916,INGASA,28.9,20.2,2,0,3
76575,3609,INGASA,29.5,20.7,4,1,3
253219,216,INGASP,31.9,21.7,4,4,4
421138,2103,JAC1CO,20.4,16.8,4,0,2
246710,309,JAC1CO,31.8,18.3,4,4,3
7508,519,JAC1CO,36.3,23.7,1,4,3
160,4900,JAC1CO,48.1,24.9,4,0,4
228686,720,JAC1CO,31,25.5,4,1,3
257705,115,JAC1CO,50.5,26.1,4,0,4
194113,1423,JAC1CO,32.8,26.5,4,0,4
206389,1108,JAC1CO,27.5,26.7,4,0,4
415,4709,JAC1CO,57.8,27.3,4,4,5
155642,2104,JAC1CO,44.2,27.4,4,0,4
6091,1424,JAC1CO,53.5,27.8,4,0,4
5390,1819,JAC1CO,60.5,28.2,4,0,4
7579,508,JAC1CO,55.3,28.5,2,2,4
486,4600,JAC1CO,66.3,28.5,4,0,4
185937,1504,JAC1CO,42.8,28.9,4,0,4
206350,1108,JAC1CO,47.8,29.1,4,0,4
192,4804,JAC1CO,56.6,29.1,4,0,4
180870,1604,JAC1CO,48.6,29.7,4,0,4
6075,1423,JAC1CO,52.8,29.8,4,0,4
41726,4310,JAC1CO,46,29.9,4,0,5
156239,2107,JAC1CO,50.4,29.9,4,0,4
5669,1611,JAC1CO,65.8,29.9,4,0,4
155636,2104,JAC1CO,45.6,30.4,4,0,4
1113,4309,JAC1CO,48.8,30.9,3,3,3
155537,2103,JAC1CO,44.7,31.4,4,0,4
6081,1423,JAC1CO,54.1,31.5,4,1,4
1237,4209,JAC1CO,63.3,31.6,4,0,4
86,4911,JAC1CO,50.4,31.9,4,0,4
6277,1201,JAC1CO,83.6,31.9,4,0,5
5041,2015,JAC1CO,66.2,32.2,4,0,4
5637,1604,JAC1CO,81,32.9,2,0,4
191432,1407,JAC1CO,59.6,33.1,4,0,5
5885,1505,JAC1CO,66.9,33.1,4,0,5
6901,912,JAC1CO,63.2,33.9,4,1,4
6898,912,JAC1CO,58.4,34.1,4,0,4
7503,520,JAC1CO,73.6,34.1,4,0,4
7386,612,JAC1CO,63.9,34.5,4,1,4
6802,1022,JAC1CO,85.2,35.9,4,0,4
8302,107,JAC1CO,89.5,35.9,4,0,5
7708,410,JAC1CO,80.6,36.7,4,0,5
66921,3810,LACMPA,24,18.5,4,0,3
157112,2114,LACMPA,26.7,20.2,4,1,3
25239,4601,LACMPA,33.8,21.5,4,4,3
5528,1710,LAETPR,63.5,28.3,3,1,4
202848,1216,LAFOPU,30,22.1,4,4,3
57,4915,LICAPL,78.3,32.7,3,4,4
45630,4803,LINDLA,21.3,11.3,3,0,1
5640,1605,LINDLA,31.8,17.5,4,4,3
161925,2010,LINDLA,21.5,17.6,4,1,2
64185,3921,LONCLA,27.9,26.1,4,0,4
6849,920,LONCLA,39.8,28.5,3,3,4
5654,1608,LONCLA,41.3,30.3,4,0,4
6192,1310,LONCLA,47.1,32.5,3,0,4
3153,3121,LUEHSE,21.5,12.8,3,3,3
5011,2009,LUEHSE,66.4,25.2,4,2,3
3036,3211,LUEHSE,108.3,26.3,1,3,3
4893,2110,LUEHSE,59.5,27.4,4,0,4
6161,1315,LUEHSE,57.8,28.5,2,4,4
520,4605,LUEHSE,74,28.6,3,2,4
5300,1804,LUEHSE,102.7,30,4,3,4
51,4916,LUEHSE,74.1,31.5,4,2,3
2374,3619,LUEHSE,87.8,33.7,4,0,4
4030,2611,LUEHSE,84.5,34.6,4,2,3
4806,2124,LUEHSE,81.8,35.1,4,3,4
6323,1207,LUEHSE,79.3,35.2,3,4,4
42275,4314,MACRGL,33,20.5,4,0,3
264241,24,MICOAR,25.3,15.5,3,4,2
435304,3516,MICOAR,20,16.8,4,0,3
251599,208,MICOAR,22.1,19.5,4,0,3
147603,2316,MICOAR,22.7,21,4,0,3
133241,2620,MICOAR,27.3,24,4,0,2
137,4904,MYROFR,41.1,30.9,4,4,4
4869,2115,MYROFR,46.3,32.7,4,0,4
244145,420,NECTCI,29.7,22.6,4,0,1
821506,2116,OCHRPY,32.5,24.4,4,0,5
204305,1223,OCHRPY,70.4,26.1,4,0,4
133246,2620,OCOTOB,22.1,18.6,4,1,2
64279,3921,OCOTOB,27.5,19.3,2,0,3
539281,3921,OCOTOB,34.1,23.9,4,0,3
10607,4811,OCOTPU,74.2,30.9,4,3,4
128846,4921,OCOTWH,25.3,17.9,4,1,3
12746,4823,OCOTWH,45.3,21.5,3,3,3
2208,3705,OCOTWH,83.8,24.5,2,3,3
85629,3403,OCOTWH,42.2,25.8,4,4,4
1338,4221,OCOTWH,68.9,29.7,3,1,3
913,4412,OCOTWH,85.6,30.9,3,0,3
1364,4224,OCOTWH,81.9,31.7,4,0,4
960,4418,OCOTWH,56,32.3,2,0,3
2015,3816,ORMOCR,98.2,38.9,4,0,4
2858,3312,ORMOMA,74.8,31.6,4,2,4
5955,1406,ORMOMA,64.4,34.9,4,4,5
45186,4800,PHOECI,37.1,23.9,4,1,4
6831,922,PIT1MA,92.9,37.1,4,0,4
8214,120,PLA1PI,53.9,27.5,4,4,4
5633,1604,PLA1PI,45,31.1,3,1,4
7362,608,PLA1PI,72,32.5,4,2,4
3258,3106,PLA1PI,62.3,32.7,4,3,4
4394,2415,PLA1PI,76.2,35,3,4,4
3003,3207,PLA1PI,79.5,35.2,2,4,4
7691,406,PLA1PI,85.2,36.1,4,1,4
5988,1410,PLA1PI,60.5,40.5,4,2,4
3252,3107,PLA2EL,47.3,27.1,4,1,4
5746,1623,PLA2EL,101.2,31.7,4,2,5
2384,3620,PLA2EL,107.3,34.1,4,2,5
6444,1222,PLA2EL,68.4,34.9,4,0,5
5337,1811,PLA2EL,86.4,35.5,4,0,5
4431,2421,PLA2EL,137.5,35.9,4,1,5
2059,3823,PLA2EL,134.5,36.1,4,2,4
3946,2702,PLA2EL,89.5,36.2,3,4,4
7030,806,PLA2EL,59.5,36.3,4,0,5
4391,2414,PLA2EL,98.5,36.6,4,1,5
7072,813,PLA2EL,119.6,39.7,4,0,4
406133,608,POCHQU,34,23.7,4,2,3
97481,3212,POULAR,21,13,4,0,3
42250,4314,POULAR,23,14.5,4,3,3
141595,2408,POULAR,26,16.5,1,3,2
54559,4124,POULAR,26.1,18.7,3,0,3
28141,4616,POULAR,28.4,19.5,4,1,2
39175,4423,POULAR,42.8,20.5,3,4,3
52504,4112,POULAR,34.5,21.3,3,4,3
1280,4214,POULAR,33.3,26.5,4,0,3
41568,4309,POULAR,44.4,26.9,4,0,3
28494,4617,POULAR,43,27.9,4,1,4
871,4406,POULAR,46.9,30.1,4,0,3
1869,3907,POULAR,57.2,30.3,3,0,3
951,4417,POULAR,58.7,30.5,4,1,3
1258,4211,POULAR,53,31.5,3,0,4
363,4716,POULAR,50.8,32.1,4,0,3
4621,2301,POULAR,83.8,32.2,4,0,3
1099,4311,POULAR,95.9,32.3,4,0,4
218488,919,POULAR,49.4,32.7,4,0,3
954,4417,POULAR,49.8,34.3,4,0,4
967,4420,POULAR,54,36.3,4,0,4
956,4418,POULAR,62.9,37.9,4,0,4
2567,3502,POULAR,81.2,43.4,4,0,4
400788,20,POURBI,44,19.2,4,0,3
4520,2317,POUTFO,43.1,33.4,4,0,3
240566,402,POUTRE,22,15.9,4,3,2
166645,1911,POUTRE,23.6,16.3,4,0,3
166686,1912,POUTRE,27.5,17.7,4,1,2
176101,1707,POUTRE,25.3,19.3,4,2,3
186009,1504,POUTRE,24.7,20.1,4,1,1
211500,1008,POUTRE,37.5,20.7,4,0,3
153,4901,POUTRE,43.1,21.7,4,4,4
269592,419,POUTRE,42.1,22.1,4,4,3
207820,1115,POUTRE,29.4,22.5,4,3,3
5162,1918,POUTRE,36.2,24.3,4,2,4
144694,2424,POUTRE,39,24.7,4,1,3
5542,1707,POUTRE,56.7,25.5,2,4,4
167104,1916,POUTRE,35.9,25.9,4,0,3
187351,1512,POUTRE,45.2,26.1,4,0,3
4751,2219,POUTRE,69.6,27.6,4,4,4
4759,2220,POUTRE,42.3,27.8,4,4,4
5674,1612,POUTRE,36.4,28.1,4,0,3
5177,1915,POUTRE,60.9,28.4,4,1,3
4899,2109,POUTRE,54.8,29.4,4,0,3
75,4912,POUTRE,52.3,29.5,4,0,4
5949,1404,POUTRE,45,30.5,4,0,4
892,4409,POUTRE,79.5,31.7,4,1,4
870,4406,POUTRE,59,32.2,4,2,4
13123,506,POUTRE,55.7,32.3,4,1,4
1462,4112,POUTRE,56.4,32.3,4,0,3
7655,402,POUTRE,81,34.3,4,4,4
273,4817,POUTRE,47.5,34.7,4,0,4
45758,4804,POUTST,23.2,16.9,4,4,3
165795,1905,POUTST,22.7,17,4,0,3
4059,2616,POUTST,35.7,22.6,0,0,0
87926,3416,PRI2CO,21.7,13.2,4,4,3
272969,705,PRI2CO,21.7,15.3,4,0,2
181032,1605,PRI2CO,26.7,15.3,4,4,2
93156,3315,PRI2CO,30.8,15.4,4,3,3
138876,2523,PRI2CO,21.2,17.4,4,0,2
137753,2516,PRI2CO,26.8,17.8,4,0,3
7033,806,PRI2CO,26.6,17.9,4,1,2
4587,2306,PRI2CO,32,18,4,4,2
77147,3613,PRI2CO,29.9,18.2,4,0,3
132912,2617,PRI2CO,26.8,19.4,4,2,3
131302,2608,PRI2CO,36.3,20.6,4,4,4
7622,502,PRI2CO,45,21.1,4,2,2
5970,1407,PRI2CO,45,24.1,4,4,4
146718,2309,PRI2CO,45.8,26,4,0,4
7618,503,PRI2CO,47.4,26.3,4,1,3
7319,601,PRI2CO,63,26.5,4,3,4
5993,1411,PRI2CO,66.5,26.5,3,2,4
6559,1108,PRI2CO,66,28.9,2,3,4
7554,511,PRI2CO,75.6,30.5,4,3,4
5565,1704,PRI2CO,94.3,30.5,4,0,4
5847,1510,PRI2CO,94.5,31.7,4,0,4
5517,1711,PRI2CO,84.4,32.7,1,0,3
7028,805,PRI2CO,68,32.9,4,4,4
825,4501,PRI2CO,64.7,33.1,4,4,5
7594,506,PRI2CO,70.9,33.1,4,4,4
5953,1405,PRI2CO,78.4,33.1,2,3,4
5966,1407,PRI2CO,60,33.3,4,0,4
5960,1406,PRI2CO,63.5,33.5,4,4,5
3851,2717,PRI2CO,94.5,33.6,4,1,3
5655,1608,PRI2CO,81.4,33.7,4,0,4
3420,3017,PRI2CO,91,33.8,4,3,5
7360,608,PRI2CO,51.6,34,4,1,4
8705,1804,PRI2CO,97.4,34,4,4,4
5060,2018,PRI2CO,90,34.3,4,1,4
5981,1409,PRI2CO,120.6,34.3,4,1,4
3961,2600,PRI2CO,89,34.4,4,0,4
5293,1803,PRI2CO,106.8,34.5,2,1,4
3245,3108,PRI2CO,84.7,34.9,4,0,4
141,4903,PRI2CO,95,34.9,4,0,4
6292,1203,PRI2CO,92,35.1,3,4,4
7298,701,PRI2CO,97.7,35.1,2,4,4
5291,1803,PRI2CO,125.5,35.1,3,0,4
2471,3516,PRI2CO,98.2,35.4,4,0,5
6290,1202,PRI2CO,85.2,35.9,4,4,3
5968,1407,PRI2CO,57.3,36.1,4,0,4
6568,1106,PRI2CO,120,36.1,4,1,4
4583,2306,PRI2CO,102.5,36.2,4,0,4
6648,1003,PRI2CO,83,36.3,4,0,4
8333,103,PRI2CO,91.8,36.3,4,3,5
6257,1300,PRI2CO,111.7,36.5,4,1,4
4920,2106,PRI2CO,89.8,36.7,4,0,4
5906,1502,PRI2CO,72.8,37.1,3,4,3
1669,4014,PRI2CO,84.7,37.1,4,0,4
6967,902,PRI2CO,101.7,37.1,4,0,4
4652,2203,PRI2CO,110.1,37.2,4,0,4
5675,1612,PRI2CO,114.7,37.7,4,1,4
7344,605,PRI2CO,99.5,37.9,4,0,5
8023,206,PRI2CO,99.7,37.9,3,2,4
5943,1404,PRI2CO,95.4,38.3,3,4,4
7323,603,PRI2CO,95.7,38.5,4,1,4
6240,1302,PRI2CO,102.7,38.5,2,4,4
6937,907,PRI2CO,112.7,38.5,4,0,5
4035,2612,PRI2CO,110.4,39.7,4,0,4
5927,1402,PRI2CO,87,40.1,4,1,3
5262,1900,PRI2CO,97.4,40.1,4,0,4
6550,1109,PRI2CO,89.6,40.5,4,2,5
5931,1402,PRI2CO,95.7,40.5,4,1,4
3764,2817,PRI2CO,86.2,40.8,4,0,4
7287,703,PRI2CO,106.5,41.3,4,1,4
7256,708,PRI2CO,96.8,41.9,4,1,5
6970,902,PRI2CO,102.4,42.1,4,3,4
5215,1908,PRI2CO,132.3,42.6,4,1,4
6100,1323,PROTTE,28.2,14.3,4,4,4
125668,4904,PROTTE,21.2,14.8,4,0,3
3757,2816,PROTTE,27.9,14.8,4,2,1
31454,4507,PROTTE,26.6,17.1,4,3,3
7226,713,PROTTE,51.1,17.3,3,3,3
206404,1108,PROTTE,24.9,17.5,4,2,3
153236,2221,PROTTE,24.4,18.7,4,1,4
263544,20,PROTTE,21.6,19.1,4,3,3
10592,4811,PROTTE,24.4,19.1,4,1,2
7,4923,PROTTE,48.1,20.9,4,4,3
73200,3717,PROTTE,32.4,21.3,4,4,4
8530,23,PROTTE,45.3,21.4,4,0,3
672,4521,PROTTE,29.7,21.5,4,0,3
4672,2206,PROTTE,37.3,22.3,4,3,3
966,4420,PROTTE,34.5,25.1,4,0,3
4873,2114,PSE1SE,43.4,25.1,4,0,5
2768,3324,PSE1SE,113.2,34.4,4,0,4
4850,2118,PSE1SE,130.3,35.6,4,0,5
4011,2608,PSE1SE,62.4,36.6,4,3,4
4610,2302,PSE1SE,99.1,39,4,1,4
4783,2222,QUARAS,27.1,16.5,4,4,2
253130,216,QUARAS,20.5,16.7,4,1,3
137766,2516,QUARAS,23.5,17,1,1,3
197469,1305,QUARAS,23,17.9,4,4,3
18944,4221,QUARAS,23,18.1,4,0,2
153473,2222,QUARAS,20.9,18.6,4,4,3
5602,1700,QUARAS,45.8,18.6,2,4,3
146465,2308,QUARAS,22.3,19.04,4,1,3
171109,1807,QUARAS,28,19.2,4,0,3
76576,3609,QUARAS,25.9,19.3,4,4,2
6848,920,QUARAS,31.7,19.5,3,1,3
4766,2221,QUARAS,40.5,21.2,3,4,3
67845,3814,QUARAS,28.1,21.3,2,4,3
5636,1604,QUARAS,34,21.7,4,1,3
5284,1802,QUARAS,38,21.8,4,2,3
1072,4315,QUARAS,46.5,22.2,4,3,3
1393,4120,QUARAS,24.8,22.7,4,0,3
204083,1222,QUARAS,46.3,22.7,4,1,3
1717,4020,QUARAS,47.3,22.9,3,1,3
56970,4020,QUARAS,27.7,23.1,4,1,3
85,4911,QUARAS,48.9,23.5,4,0,3
4591,2305,QUARAS,51.3,23.9,4,1,3
8248,115,QUARAS,46.9,24.1,2,4,4
239332,523,QUARAS,37.9,24.3,4,0,3
8515,21,QUARAS,49.4,24.4,4,1,4
7664,403,QUARAS,41.9,24.5,4,0,3
2176,3711,QUARAS,40.9,24.9,4,0,3
4352,2408,QUARAS,53.7,24.9,4,4,3
1985,3810,QUARAS,42.2,25.1,4,1,4
7669,403,QUARAS,44.2,25.1,4,0,4
2337,3613,QUARAS,53.2,25.3,4,0,3
5016,2010,QUARAS,59.2,25.4,4,0,4
5896,1504,QUARAS,71.4,25.7,3,0,4
289,4820,QUARAS,67,26.1,3,2,5
781,4507,QUARAS,42.9,26.5,4,0,3
612,4620,QUARAS,52.1,26.5,4,0,4
6712,1008,QUARAS,56.4,26.7,4,0,4
2318,3610,QUARAS,57,26.7,3,4,4
1292,4215,QUARAS,38.2,27.3,4,0,4
4999,2007,QUARAS,40.3,27.3,4,0,3
1728,4021,QUARAS,42.1,27.7,4,0,4
1979,3810,QUARAS,54.4,28.3,4,0,4
4521,2317,QUARAS,53.3,28.4,4,0,3
3545,2915,QUARAS,93.2,28.4,3,0,4
2134,3717,QUARAS,55.5,28.5,4,0,4
6752,1015,QUARAS,57.9,28.7,4,0,4
7274,705,QUARAS,44.7,29.3,4,0,3
3738,2813,QUARAS,61,29.8,4,0,3
3402,3015,QUARAS,57.3,30,4,0,4
8049,209,QUARAS,56.7,30.01,4,4,4
360,4717,QUARAS,44.3,30.2,4,0,4
784,4507,QUARAS,73.4,30.3,4,0,4
970,4420,QUARAS,53,30.5,4,0,4
268,4817,QUARAS,57.1,30.7,4,0,4
757,4511,QUARAS,89.1,30.7,4,0,4
2563,3503,QUARAS,77.2,30.8,4,0,4
3639,2901,QUARAS,85.3,30.8,4,0,3
1241,4209,QUARAS,65,30.9,4,0,4
3037,3211,QUARAS,46.3,31,3,0,3
1326,4220,QUARAS,60.1,31.1,4,0,4
7475,523,QUARAS,71,31.7,2,0,4
5945,1404,QUARAS,62.4,31.9,4,0,4
1261,4212,QUARAS,65.2,31.9,3,0,4
867,4405,QUARAS,54.5,32.1,4,0,4
1281,4214,QUARAS,69.8,32.1,3,0,4
1036,4320,QUARAS,46.1,32.3,4,0,3
3231,3110,QUARAS,75,32.4,3,0,4
1378,4123,QUARAS,68.2,32.9,4,0,4
1098,4311,QUARAS,92.2,32.9,4,0,4
4473,2322,QUARAS,60,33.1,4,0,4
1052,4318,QUARAS,62,33.1,4,0,4
361,4717,QUARAS,80.2,33.1,4,0,4
1130,4307,QUARAS,63,33.6,4,0,4
366,4716,QUARAS,72.9,33.8,4,0,4
3191,3115,QUARAS,78.3,34.3,4,0,4
3406,3015,QUARAS,78.1,34.4,4,0,5
1449,4113,QUARAS,71.4,34.5,4,0,3
1161,4301,QUARAS,87.4,34.8,4,0,4
2591,3401,QUARAS,77,36.4,4,0,4
952,4417,QUARAS,77.5,37.1,4,0,4
3928,2705,QUARAS,93.2,37.4,3,0,4
1227,4208,QUARAS,76.7,38.7,4,0,4
935,4415,QUARAS,116.9,38.7,4,0,5
3000,3207,QUARAS,65,39.6,4,0,3
676,4521,RANDAR,21.2,12.5,2,3,2
285253,2016,SAPIAU,20.9,17.4,4,0,3
491,4601,SAPIAU,67.8,37.1,2,1,4
977,4422,SAPISP,41.7,29.1,4,0,3
194104,1423,SIMAAM,27.4,15.7,4,4,3
152736,2218,SIMAAM,22.5,16.5,4,3,3
145949,2305,SIMAAM,28.6,21.8,4,4,3
190,4803,SIMAAM,45.1,26.7,4,1,3
129102,4923,SIMAAM,40.2,26.8,4,0,3
6747,1014,SIMAAM,63.2,29.5,4,0,3
227348,713,SIMAAM,49.3,31.1,4,2,4
233694,620,SIMAAM,59.1,31.5,4,0,4
2363,3617,SLOATE,37.2,20.5,3,4,4
237,4812,SLOATE,31,25.7,4,0,3
8211,120,SLOATE,36.4,26.6,4,4,4
1336,4221,SLOATE,31.5,27.5,4,0,3
3208,3113,SLOATE,123.9,36.4,4,2,5
2613,3405,SLOATE,82.5,37,4,1,5
6336,1208,SLOATE,88.6,37.8,4,3,4
7053,809,SLOATE,79.5,41.7,4,1,4
6168,1314,SPONMO,62.8,24,4,4,4
181499,1607,SPONMO,51,26.7,4,1,4
257846,115,SPONMO,55.9,29.1,3,0,4
7682,405,SPONMO,81.3,30.3,4,3,4
233,4812,SPONMO,69.2,32.3,4,3,4
6396,1216,SPONMO,88,35.3,4,4,5
1087,4313,SPONRA,36.5,24.9,4,0,3
449,4704,SPONRA,61.4,26.7,4,3,4
7823,323,SPONRA,65.2,27.1,4,0,5
7837,320,SPONRA,89.2,36.5,4,0,4
6165,1314,STERAP,42.1,25.1,4,0,3
170,4800,STERAP,62.9,28.9,4,3,4
2308,3609,STERAP,59.4,30.5,4,0,3
3617,2904,STERAP,92,37,4,0,4
1461,4112,STERAP,84.9,37.7,4,2,4
8038,208,STERAP,93.6,37.7,4,4,4
7284,703,STERAP,99.1,38.9,4,0,4
7235,712,SWARS1,23.8,14.1,2,2,2
7831,322,SYMPGL,46.3,28.9,4,0,4
1078,4314,TAB1GU,55.8,32.2,4,0,4
5058,2017,TAB1GU,76.4,32.6,3,4,4
7653,401,TAB1GU,97,32.9,3,2,4
8460,14,TAB1GU,102.5,36.5,4,4,5
3881,2713,TAB1GU,85.4,37.8,4,1,5
308,4824,TAB1GU,64.2,40.3,4,0,4
7659,402,TAB1RO,64.1,31.8,4,4,4
266,4816,TAB1RO,73.8,38.3,4,1,4
2603,3403,TAB1RO,55.6,38.4,4,0,4
2254,3600,TAB1RO,90.7,43.5,4,0,4
180138,1600,TAB2AR,23.7,16.3,4,4,3
6531,1114,TAB2AR,38.8,16.9,2,1,2
7440,619,TAB2AR,44.8,16.9,4,3,2
203946,1222,TAB2AR,31.6,17.2,4,1,3
3452,3021,TAB2AR,39.8,18.4,4,4,3
5892,1504,TAB2AR,51.5,18.5,4,1,3
7230,712,TAB2AR,43.8,18.7,2,1,3
4904,2108,TAB2AR,38.1,19.4,2,4,3
7177,720,TAB2AR,40.4,19.9,4,4,3
6789,1020,TAB2AR,50.8,19.9,3,4,3
84,4912,TAB2AR,34.5,20.1,4,1,3
7820,323,TAB2AR,51,20.1,4,4,3
7912,308,TAB2AR,35.4,20.3,4,1,3
158103,2118,TAB2AR,34.8,20.8,4,3,3
4140,2520,TAB2AR,47.8,21,3,4,3
4083,2620,TAB2AR,41,21.1,4,1,3
6779,1019,TAB2AR,57,21.3,4,3,3
5670,1611,TAB2AR,33.3,21.7,4,1,3
2334,3612,TAB2AR,57.4,21.9,4,1,3
7390,612,TAB2AR,50.9,22.1,4,1,3
4217,2508,TAB2AR,43.3,22.4,4,4,3
239513,524,TAB2AR,32.9,23.5,4,1,3
214181,1020,TAB2AR,57.2,23.7,4,3,3
7320,601,TAB2AR,43.1,24.1,4,2,3
2916,3304,TAB2AR,68.5,24.4,4,2,3
6189,1310,TAB2AR,37.7,25.3,4,0,2
150579,2203,TAB2AR,45.8,25.7,4,0,2
6758,1015,TAB2AR,60.3,25.9,4,2,3
5044,2015,TAB2AR,49.4,27.1,4,0,3
4133,2521,TAB2AR,44.3,27.2,4,0,3
7036,806,TAB2AR,43.4,28.5,4,0,3
6020,1415,TAB2AR,83.7,35.5,4,0,4
112468,2912,TACHVE,21,19,4,4,2
214063,1020,TACHVE,29,21.3,4,0,4
228557,719,TACHVE,42.4,23.1,4,4,3
104784,3124,TACHVE,46.7,24.2,4,4,3
144491,2423,TACHVE,48.3,26.4,4,1,4
172362,1816,TACHVE,70.7,29.1,4,4,4
152868,2218,TACHVE,62.9,29.4,4,4,4
212886,1014,TACHVE,47.8,30.1,4,0,3
66360,3807,TACHVE,84.2,33.5,4,0,4
146382,2308,TACHVE,87.4,34.4,4,0,4
8357,100,TACHVE,98,37.1,4,0,4
2600,3403,TACHVE,91.5,38.4,4,1,4
6173,1313,TERMAM,80,31.1,4,3,4
147736,2317,TERMAM,44.8,32.7,4,0,4
141788,2409,TERMOB,30.8,20.8,4,0,3
3247,3107,TERMOB,57.5,29.6,2,3,4
230,4811,TERMOB,43.2,32.3,4,0,4
272,4817,TERMOB,48.5,38.7,4,0,4
274,4817,TERMOB,61.5,38.9,4,0,5
176109,1707,TET2PA,21.1,14.9,4,1,3
7401,613,TET2PA,26.2,15.9,3,4,3
4728,2216,TET2PA,42.2,20.2,4,1,3
197245,1304,TET2PA,26.2,20.5,4,3,3
5525,1710,TET2PA,44.7,21.9,4,4,3
142,4903,TET2PA,55,22.9,4,3,3
6185,1311,TET2PA,46.3,23.1,4,4,4
5053,2016,TET2PA,37.6,23.3,4,4,3
142883,2415,TET2PA,39.7,23.4,4,3,3
7066,812,TET2PA,39.3,23.7,3,4,3
287,4820,TET2PA,42.3,23.7,4,4,3
7233,712,TET2PA,49.3,24.3,4,4,4
5261,1901,TET2PA,41.6,24.8,4,1,3
4537,2314,TET2PA,37,25.2,4,2,3
238551,519,TET2PA,38.3,25.5,4,3,3
444,4704,TET2PA,40.4,26.7,4,4,4
877,4407,TET2PA,43.5,26.9,4,1,3
5322,1808,TET2PA,46.9,26.9,4,2,3
291,4820,TET2PA,55.9,26.9,4,3,4
1722,4021,TET2PA,57.3,27.3,4,0,4
5987,1410,TET2PA,48.4,27.5,4,1,3
6190,1310,TET2PA,57.4,28.3,4,4,3
4870,2115,TET2PA,50.2,28.4,4,4,3
228511,719,TET2PA,40.6,28.9,4,2,4
4671,2206,TET2PA,52.4,29.7,4,0,3
5327,1810,TET2PA,56.5,31.9,3,2,3
796,4506,TET2PA,57.9,32.5,4,0,3
2270,3603,TET2PA,49.4,34.5,4,0,4
5223,1907,TET2PA,76.4,35.4,4,2,4
268441,323,TRATAS,25.4,14.9,2,0,2
515114,1505,TRATAS,28.3,20.7,4,0,3
6784,1020,TRATAS,43.5,21.4,3,4,4
5159,1918,TRATAS,40.6,26.1,4,0,5
14900,4924,TRATAS,49,27.7,4,0,3
2268,3602,TRATAS,84.7,34.5,4,3,5
802484,223,TREMIN,21.3,11.8,4,2,2
705395,524,TREMMI,31,20.3,4,2,3
802380,222,TREMMI,24.8,22.2,4,0,4
195876,1324,TRI2PA,24.5,11.5,4,2,2
144637,2424,TRI2PA,20.8,15,4,1,2
6007,1413,TRI2TU,22.7,13.1,2,4,2
109477,3023,TRI2TU,21.1,14.6,4,4,3
16852,4210,TRI2TU,21.9,16.1,4,0,3
99492,3223,TRI2TU,33.2,16.7,4,3,4
6533,1114,TRI2TU,30.7,16.9,4,1,2
96434,3207,TRI2TU,25.2,17.8,4,2,3
122634,2715,TRI2TU,23.8,19,4,4,2
77018,3612,TRI2TU,21.5,19.1,4,4,4
63996,3920,TRI2TU,23.8,19.1,4,4,3
191898,1410,TRI2TU,24.5,19.1,4,0,2
167660,1919,TRI2TU,29.2,19.1,4,2,3
790,4506,TRI2TU,28.5,19.2,4,4,3
64001,3920,TRI2TU,24.5,19.5,3,4,3
1876,3906,TRI2TU,24.3,19.7,4,1,3
2504,3512,TRI2TU,25.4,19.8,2,4,2
75695,3604,TRI2TU,21.6,19.9,4,0,2
683,4520,TRI2TU,27,19.9,4,4,2
4604,2303,TRI2TU,28.7,20.4,4,1,2
233449,619,TRI2TU,28.1,20.5,4,4,3
91090,3304,TRI2TU,24.9,20.6,4,1,3
17999,4214,TRI2TU,23,20.7,4,0,2
7182,719,TRI2TU,37.6,20.9,4,1,4
165213,1901,TRI2TU,28.1,21.4,4,3,3
235346,502,TRI2TU,26.2,21.5,4,0,3
5217,1908,TRI2TU,30.4,21.6,4,1,2
76571,3609,TRI2TU,25.8,21.7,4,0,3
7660,402,TRI2TU,42.2,21.8,3,3,3
117371,2813,TRI2TU,23.4,22.2,4,3,2
6751,1015,TRI2TU,32.7,22.3,4,1,3
5154,1919,TRI2TU,38.4,22.3,4,4,3
8155,222,TRI2TU,38.6,22.3,4,4,3
8040,208,TRI2TU,37.9,22.7,4,1,3
6850,920,TRI2TU,41.2,22.7,4,4,4
3440,3020,TRI2TU,40,22.8,4,4,3
75482,3603,TRI2TU,26.4,22.9,4,0,3
6753,1015,TRI2TU,28.3,23.1,4,0,2
218826,920,TRI2TU,30.7,23.1,3,1,3
2144,3716,TRI2TU,43,23.1,2,4,3
8517,21,TRI2TU,40.2,23.2,4,2,3
82137,3512,TRI2TU,26.9,24.2,4,0,4
4867,2116,TRI2TU,36.8,24.3,4,3,3
5989,1410,TRI2TU,30.7,24.5,4,0,3
104880,3124,TRI2TU,40.6,24.8,4,1,3
1964,3806,TRI2TU,33.9,25.1,4,3,3
93,4911,TRI2TU,42.4,25.2,4,0,3
1773,3921,TRI2TU,41.2,25.5,4,0,3
181738,1608,TRI2TU,44.8,25.7,4,3,4
4386,2414,TRI2TU,40.2,26.1,3,0,3
6006,1413,TRI2TU,36.1,26.5,4,1,3
7498,520,TRI2TU,40.3,26.7,4,0,3
831,4500,TRI2TU,50.4,26.9,4,2,4
1783,3920,TRI2TU,45.7,27.1,4,0,4
2170,3711,TRI2TU,60.7,27.1,4,0,4
7598,506,TRI2TU,39.8,27.3,4,1,4
2006,3814,TRI2TU,42.5,27.3,4,0,3
7295,701,TRI2TU,42.2,27.5,4,1,4
6172,1313,TRI2TU,43,27.5,3,2,4
6744,1014,TRI2TU,46.7,27.5,4,0,3
213134,1015,TRI2TU,44,27.7,4,0,4
1030,4320,TRI2TU,42.3,28,4,0,4
213119,1015,TRI2TU,28.2,28.3,4,0,3
5332,1811,TRI2TU,39,28.3,4,1,3
4833,2120,TRI2TU,58,28.4,4,4,3
5198,1912,TRI2TU,59.5,29.2,4,1,3
5219,1907,TRI2TU,44.2,29.3,4,0,3
3413,3016,TRI2TU,45.5,29.4,4,0,3
1005,4323,TRI2TU,52.9,29.9,4,1,4
7398,613,TRI2TU,63.5,30,4,1,4
2139,3717,TRI2TU,38.4,33.1,4,1,3
2526,3509,TRIPCU,28.1,19,4,2,2
211619,1008,TRIPCU,21.2,25.3,4,0,3
66119,3806,TRIPCU,23.7,25.5,4,0,3
4007,2608,TURPOC,27.3,13.2,3,4,3
279523,1423,TURPOC,29,13.5,4,4,2
4847,2119,TURPOC,25.3,15.2,4,2,2
680,4520,UNONPI,22.5,18.7,4,4,2
61231,3907,UNONPI,21.3,20.7,4,0,3
7506,520,VIROSE,23.1,15.7,1,0,2
5598,1700,VIROSE,29.7,16.8,4,3,3
153697,2223,VIROSE,29.4,18.8,4,2,3
92519,3312,VIROSE,22.9,19.4,4,0,2
57083,4021,VIROSE,22.4,19.9,4,4,3
43966,2912,VIROSE,30.3,20.4,4,4,2
2328,3612,VIROSE,32.4,20.5,4,4,4
263675,21,VIROSE,24.5,20.6,4,2,3
1032,4320,VIROSE,25.5,20.7,4,0,3
158334,2119,VIROSE,28.1,21.1,4,3,2
3859,2716,VIROSE,27.5,22.4,3,4,2
26173,4606,VIROSE,31.9,22.5,4,0,4
7570,509,VIROSE,36.9,22.5,3,1,3
34140,4520,VIROSE,23.5,22.7,4,1,2
225889,705,VIROSE,36.1,23.1,4,0,4
2507,3512,VIROSE,32,24.4,4,0,5
1083,4314,VIROSE,30.5,27.3,4,0,4
448749,4824,VIROSE,47.2,33.3,4,0,4
4079,2620,VIROSP,43.9,34.8,4,0,4
39,4917,VIROSU,49.3,24.9,1,0,3
2527,3509,VIROSU,60,25,4,0,3
173469,1822,VIROSU,39,25.1,4,1,3
27972,4616,VIROSU,50.4,25.9,4,0,5
5894,1504,VIROSU,45.3,27.5,3,4,4
43022,4319,VIROSU,45.3,30.8,4,0,4
7665,403,VIROSU,44.5,31.3,4,0,4
8527,23,VIROSU,78.4,33.1,4,0,4
1330,4220,VIROSU,66.4,34,4,1,4
6896,912,VIROSU,55.3,34.1,4,0,4
42267,4314,VIROSU,55.5,35.5,4,0,4
588,4616,VIROSU,72.8,36,4,0,5
4078,2620,VIROSU,66,37.9,4,0,4
740,4512,VIROSU,92.3,39.7,4,0,5
4308,2402,VIROSU,85.2,40.4,4,0,4
5095,2022,VIROSU,100.9,41,3,0,5
182549,1612,VOCHFE,24.7,18,4,0,3
125725,4904,VOCHFE,45.3,20.4,4,0,3
198534,1311,VOCHFE,54,28.5,4,0,5
704470,424,ZANTBE,24.8,20.3,4,0,3
238573,519,ZANTBE,48.2,21.3,4,3,4
633201,3315,ZANTBE,28.5,22.2,4,4,4
268197,309,ZANTBE,21.6,23.1,4,0,3
273116,805,ZANTBE,23.4,24.7,4,0,3
155648,2104,ZANTBE,49.2,25,4,4,4
257908,116,ZANTBE,60.6,25.6,4,0,5
446315,4609,ZANTBE,40.5,26.1,4,0,4
446326,4609,ZANTBE,46.2,26.1,4,0,4
195512,1323,ZANTBE,42.9,26.7,4,0,4
239474,524,ZANTBE,40.5,28.1,4,0,4
239534,524,ZANTBE,45.8,28.1,4,0,4
220889,805,ZANTBE,47.7,28.3,4,0,4
268164,309,ZANTBE,33.4,28.5,4,3,3
983,4423,ZANTBE,49,28.7,4,4,4
4089,2621,ZANTBE,45,28.8,4,0,3
195568,1323,ZANTBE,35.5,28.9,4,0,4
444217,4404,ZANTBE,41.5,28.9,4,0,4
155462,2103,ZANTBE,60.9,29.5,4,0,4
7318,601,ZANTBE,61.9,29.6,4,0,4
233400,619,ZANTBE,48.2,30.1,4,0,4
239470,524,ZANTBE,40.2,31.1,4,0,4
38921,4422,ZANTBE,55.9,31.1,4,1,4
268199,309,ZANTBE,52.1,31.7,4,0,4
295666,3021,ZANTP1,44.3,25.6,4,0,4
258058,116,ZANTP1,37.3,28.1,4,0,4
7802,424,ZANTP1,52,29.2,4,0,4
232175,612,ZANTP1,44.8,30.3,4,0,4
236864,511,ZANTP1,38.5,30.7,4,0,4
